Date/time,Pressure[cm],Temperature[°C],2:Spec.cond.[mS/cm]
42893.63,1078.65,26.21,38.536
42893.67,1063.775,26.227,37.756
42893.71,1055.842,26.29,37.332
42893.75,1056.192,26.333,37.3
42893.79,1056.658,26.45,37.248
42893.83,1056.833,26.533,37.164
42893.88,1056.833,26.543,37.096
42893.92,1056.483,26.483,37.04
42893.96,1055.842,26.353,37.016
42894.00,1055.258,26.167,37.072
42894.04,1054.442,26.037,37.192
42894.08,1055.725,26,37.336
42894.13,1059.167,26,37.464
42894.17,1054.908,25.913,37.296
42894.21,1053.042,25.853,37.284
42894.25,1052.575,25.77,37.244
42894.29,1052.05,25.69,37.2
42894.33,1051.642,25.533,37.164
42894.38,1051.642,25.347,37.04
42894.42,1051.758,25.33,37.08
42894.46,1051.117,25.36,37.156
42894.50,1052.575,25.413,37.132
42894.54,1067.1,25.517,37.748
42894.58,1063.308,25.587,37.624
42894.63,1055.55,25.7,37.58
42894.67,1053.858,25.82,37.516
42894.71,1053.333,25.977,37.504
42894.75,1053.158,26.09,37.296
42894.79,1052.867,26.15,37.12
42894.83,1052.867,26.16,36.96
42894.88,1052.575,26.113,36.6
42894.92,1051.933,26.02,36.232
42894.96,1051.758,25.893,36.004
42895.00,1051.292,25.74,35.88
42895.04,1051.117,25.577,35.968
42895.08,1051.117,25.427,36.24
42895.13,1050.65,25.297,36.536
42895.17,1050.533,25.167,36.66
42895.21,1050.65,25.033,36.732
42895.25,1050.358,24.897,36.668
42895.29,1051,24.757,36.612
42895.33,1051,24.613,36.608
42895.38,1050.825,24.47,36.612
42895.42,1049.892,24.393,36.58
42895.46,1049.425,24.44,36.584
42895.50,1049.542,24.593,36.876
42895.54,1071.825,24.9,38.216
42895.58,1082.092,25.22,38.848
42895.63,1073.867,25.757,38.532
42895.67,1063.133,26.237,37.648
42895.71,1057.3,26.377,37.272
42895.75,1056.192,26.557,36.952
42895.79,1055.842,26.73,36.688
42895.83,1055.55,26.81,36.532
42895.88,1055.842,26.8,36.4
42895.92,1055.725,26.73,36.304
42895.96,1055.375,26.6,36.26
42896.00,1054.733,26.397,36.224
42896.04,1053.975,26.153,36.168
42896.08,1053.508,25.913,36.156
42896.13,1053.333,25.71,36.148
42896.17,1053.217,25.513,36.196
42896.21,1053.217,25.317,36.18
42896.25,1053.217,25.13,36.176
42896.29,1053.508,24.957,36.068
42896.33,1053.508,24.81,35.68
42896.38,1053.217,24.757,35.748
42896.42,1052.867,24.803,35.904
42896.46,1052.75,24.923,35.988
42896.50,1052.75,25.063,35.896
42896.54,1070.6,25.277,38.048
42896.58,1087.167,25.547,38.912
42896.63,1086.7,25.977,38.888
42896.67,1078.65,26.437,38.42
42896.71,1065.058,27.027,36.988
42896.75,1060.275,27.05,36.692
42896.79,1060.567,27.16,36.524
42896.83,1060.625,27.263,36.348
42896.88,1059.633,27.297,36.248
42896.92,1059.517,27.26,36.156
42896.96,1059.983,27.17,36.156
42897.00,1059.342,27.023,36.152
42897.04,1058.525,26.833,36.124
42897.08,1058.408,26.63,36.12
42897.13,1058.058,26.45,36.136
42897.17,1066.167,26.38,36.52
42897.21,1069.433,26.26,36.772
42897.25,1064.125,25.913,36.604
42897.29,1063.017,25.68,36.328
42897.33,1062.492,25.527,36.176
42897.38,1062.492,25.597,36.24
42897.42,1062.375,25.713,36.3
42897.46,1062.025,25.797,36.296
42897.50,1061.558,25.92,36.304
42897.54,1061.092,26.087,36.316
42897.58,1076.55,26.283,37.372
42897.63,1086.992,26.607,38.084
42897.67,1085.242,27.033,38.092
42897.71,1073.867,27.66,37.088
42897.75,1065.642,27.747,36.608
42897.79,1065,27.723,36.484
42897.83,1064.708,27.763,36.408
42897.88,1064.242,27.7,36.38
42897.92,1063.775,27.403,36.392
42897.96,1063.6,27.053,36.36
42898.00,1063.6,26.843,36.416
42898.04,1063.308,26.653,36.432
42898.08,1062.375,26.503,36.44
42898.13,1061.267,26.367,36.408
42898.17,1060.917,26.257,36.412
42898.21,1061.267,26.14,36.444
42898.25,1061.267,26.003,36.432
42898.29,1061.267,25.887,36.464
42898.33,1061.267,25.81,36.46
42898.38,1061.267,25.767,36.432
42898.42,1060.917,25.763,36.38
42898.46,1060.45,25.777,36.376
42898.50,1060.625,25.787,36.356
42898.54,1059.983,25.85,36.376
42898.58,1059.167,25.927,36.392
42898.63,1071.067,26.017,36.876
42898.67,1077.075,26.133,37.048
42898.71,1072.758,26.29,36.88
42898.75,1062.958,26.46,36.456
42898.79,1061.733,26.51,36.38
42898.83,1061.267,26.583,36.216
42898.88,1060.742,26.627,36.076
42898.92,1060.625,26.607,36.02
42898.96,1060.45,26.523,35.952
42899.00,1059.517,26.387,35.936
42899.04,1058.408,26.223,35.904
42899.08,1057.475,26.013,35.868
42899.13,1056.658,25.8,35.808
42899.17,1056.658,25.66,35.828
42899.21,1058.583,25.71,36.18
42899.25,1060.158,25.35,35.996
42899.29,1059.808,25.197,35.752
42899.33,1059.808,25.15,35.728
42899.38,1060.275,25.163,35.696
42899.42,1059.983,25.207,35.708
42899.46,1059.342,25.307,35.704
42899.50,1058.233,25.39,35.708
42899.54,1057.008,25.53,35.708
42899.58,1056.192,25.76,35.736
42899.63,1069.492,25.95,36.556
42899.67,1079.117,26.217,37.092
42899.71,1080.692,26.553,37.132
42899.75,1073.108,26.98,36.704
42899.79,1063.6,27.31,35.86
42899.83,1061.092,27.287,35.844
42899.88,1061.092,27.363,35.692
42899.92,1060.625,27.35,35.648
42899.96,1060.158,27.22,35.576
42900.00,1059.342,26.98,35.5
42900.04,1058.233,26.67,35.392
42900.08,1056.95,26.297,35.216
42900.13,1056.017,26.12,35.252
42900.17,1055.375,25.943,35.24
42900.21,1055.433,25.75,35.252
42900.25,1065.058,25.857,36.012
42900.29,1067.1,25.463,35.92
42900.33,1062.55,25.137,35.428
42900.38,1061.558,25.2,35.272
42900.42,1061.383,25.38,35.24
42900.46,1060.917,25.547,35.272
42900.50,1060.333,25.737,35.26
42900.54,1059.808,26.113,35.264
42900.63,1076.258,26.05,38.6
42900.67,1093.992,25.913,38.972
42900.71,1100.758,25.973,39.1
42900.75,1095.217,26.083,38.876
42900.79,1085.242,26.217,38.78
42900.83,1080.05,26.33,38.808
42900.88,1079.583,26.477,38.704
42900.92,1079.408,26.607,38.804
42900.96,1079.233,26.72,38.808
42901.00,1078.767,26.823,38.696
42901.04,1077.833,26.897,38.544
42901.08,1076.9,26.947,38.416
42901.13,1075.792,26.973,38.328
42901.17,1074.975,26.977,38.272
42901.21,1074.8,26.963,38.248
42901.25,1085.125,26.92,38.444
42901.29,1088.275,26.913,38.472
42901.33,1081.8,26.897,38.384
42901.38,1079.117,26.867,38.344
42901.42,1078.475,26.833,38.196
42901.46,1078.3,26.787,38.12
42901.50,1077.075,26.757,38.012
42901.54,1075.967,26.73,37.856
42901.58,1074.333,26.723,37.768
42901.63,1072,26.74,37.656
42901.67,1071.183,26.777,37.764
42901.71,1085.592,26.843,38.016
42901.75,1092.883,26.96,38.152
42901.79,1088.45,27.1,38.112
42901.83,1078.3,27.24,38.076
42901.88,1076.9,27.347,38.072
42901.92,1076.433,27.48,38
42901.96,1076.258,27.58,37.92
42902.00,1075.325,27.667,37.832
42902.04,1073.867,27.727,37.68
42902.08,1073.225,27.76,37.584
42902.13,1072,27.767,37.5
42902.17,1070.717,27.753,37.416
42902.21,1070.542,27.72,37.408
42902.25,1071.067,27.677,37.424
42902.29,1087.808,27.587,37.784
42902.33,1086.992,27.577,37.836
42902.38,1078.767,27.54,37.824
42902.42,1075.325,27.48,37.868
42902.46,1074.508,27.44,37.816
42902.50,1073.4,27.4,37.76
42902.54,1072.583,27.36,37.688
42902.58,1071.65,27.343,37.644
42902.63,1069.608,27.357,37.552
42902.67,1067.567,27.393,37.544
42902.71,1065.992,27.46,37.572
42902.75,1065.525,27.53,37.644
42902.79,1072.933,27.593,37.964
42902.83,1074.508,27.747,37.928
42902.88,1072.467,27.827,37.968
42902.92,1072.292,27.923,37.916
42902.96,1071.825,27.99,37.796
42903.00,1071.358,28.023,37.74
42903.04,1070.25,28.037,37.632
42903.08,1069.317,28.03,37.592
42903.13,1068.5,28.003,37.52
42903.17,1067.858,27.963,37.5
42903.21,1067.1,27.92,37.496
42903.25,1067.392,27.867,37.512
42903.29,1081.625,27.78,37.84
42903.33,1089.383,27.733,38.04
42903.38,1080.692,27.697,38.032
42903.42,1075.325,27.63,38.024
42903.46,1074.333,27.587,38.024
42903.50,1073.692,27.543,38.012
42903.54,1072.642,27.51,38
42903.58,1071.358,27.49,37.968
42903.63,1070.25,27.503,37.948
42903.67,1068.208,27.553,37.928
42903.71,1066.75,27.623,37.9
42903.75,1065.35,27.717,37.94
42903.79,1065,27.807,37.972
42903.83,1068.033,27.85,38.104
42903.88,1077.658,27.98,38.264
42903.92,1074.683,28.063,38.252
42903.96,1074.217,28.14,38.276
42904.00,1073.575,28.19,38.248
42904.04,1072.467,28.21,38.188
42904.08,1071.183,28.207,38.144
42904.13,1070.075,28.177,38.14
42904.17,1068.967,28.123,38.1
42904.21,1068.325,28.047,38.056
42904.25,1068.5,27.96,38.056
42904.29,1068.967,27.86,38.068
42904.33,1077.367,27.667,38.208
42904.38,1090.142,27.607,38.56
42904.42,1090.783,27.63,38.552
42904.46,1078.942,27.61,38.536
42904.50,1075.617,27.583,38.492
42904.54,1074.975,27.55,38.488
42904.58,1073.4,27.527,38.46
42904.63,1071.475,27.54,38.424
42904.67,1069.783,27.593,38.404
42904.71,1068.208,27.687,38.38
42904.75,1066.458,27.793,38.38
42904.79,1066.108,27.9,38.388
42904.83,1066.283,28,38.404
42904.88,1076.9,28.103,38.676
42904.92,1089.558,28.12,38.844
42904.96,1082.908,28.24,38.884
42905.00,1076.433,28.267,38.868
42905.04,1076.083,28.287,38.884
42905.08,1075.15,28.293,38.892
42905.13,1074.217,28.293,38.892
42905.17,1073.225,28.277,38.876
42905.21,1072.467,28.243,38.88
42905.25,1072,28.173,38.868
42905.29,1071.825,28.057,38.864
42905.33,1073.4,27.947,38.864
42905.38,1099.008,27.917,39.008
42905.42,1106.125,27.9,39.044
42905.46,1104.667,27.867,39.084
42905.50,1096.967,27.823,39.092
42905.54,1083.55,27.78,39.044
42905.58,1076.258,27.737,39.048
42905.63,1075.792,27.71,39.06
42905.67,1075.325,27.693,39.044
42905.71,1074.683,27.683,39.036
42905.75,1074.508,27.68,39.024
42905.79,1077.542,27.68,39.02
42905.83,1077.833,27.667,39.044
42905.88,1077.367,27.653,39.056
42905.92,1077.367,27.647,39.044
42905.96,1083.375,27.6,39.076
42906.00,1088.275,27.57,39.108
42906.04,1084.133,27.537,39.128
42906.08,1080.983,27.497,39.152
42906.13,1076.9,27.457,39.156
42906.17,1076.083,27.413,39.128
42906.21,1075.617,27.377,39.132
42906.25,1075.15,27.327,39.132
42906.29,1075.15,27.267,39.124
42906.33,1075.442,27.197,39.136
42906.38,1075.967,27.14,39.132
42906.42,1086.058,27.12,39.156
42906.46,1097.783,27.083,39.228
42906.50,1101.108,27.027,39.264
42906.54,1098.25,26.98,39.264
42906.58,1085.417,26.937,39.26
42906.63,1076.55,26.91,39.236
42906.67,1075.442,26.893,39.224
42906.71,1074.508,26.88,39.24
42906.75,1073.75,26.873,39.224
42906.79,1073.75,26.873,39.212
42906.83,1073.4,26.883,39.22
42906.88,1073.108,26.897,39.184
42906.92,1073.283,26.917,39.192
42906.96,1073.225,26.927,39.204
42907.00,1073.867,26.937,39.22
42907.04,1082.908,26.933,39.248
42907.08,1089.033,26.927,39.276
42907.13,1079.583,26.927,39.292
42907.17,1075.442,26.91,39.28
42907.21,1074.975,26.89,39.26
42907.25,1074.508,26.867,39.276
42907.29,1074.508,26.84,39.256
42907.33,1074.683,26.817,39.264
42907.38,1077.075,26.783,39.24
42907.42,1096.792,26.753,39.332
42907.46,1110.85,26.72,39.416
42907.50,1116.333,26.69,39.44
42907.54,1115.225,26.663,39.456
42907.58,1101.75,26.643,39.432
42907.63,1087.458,26.633,39.412
42907.67,1076.725,26.63,39.408
42907.71,1076.083,26.633,39.408
42907.75,1075.325,26.653,39.412
42907.79,1075.792,26.673,39.428
42907.83,1075.967,26.71,39.412
42907.88,1075.617,26.753,39.4
42907.92,1075.792,26.797,39.38
42907.96,1075.442,26.833,39.364
42908.00,1075.967,26.857,39.372
42908.04,1075.442,26.863,39.376
42908.08,1086.233,26.847,39.408
42908.13,1084.775,26.847,39.42
42908.17,1078.008,26.83,39.448
42908.21,1077.367,26.803,39.428
42908.25,1076.9,26.773,39.436
42908.29,1076.725,26.737,39.404
42908.33,1076.725,26.693,39.392
42908.38,1076.9,26.65,39.38
42908.42,1080.983,26.607,39.392
42908.46,1100.117,26.573,39.448
42908.50,1117.967,26.54,39.524
42908.54,1122.167,26.51,39.572
42908.58,1109.392,26.5,39.568
42908.63,1092.883,26.503,39.556
42908.67,1079.117,26.527,39.532
42908.71,1077.367,26.563,39.552
42908.75,1076.55,26.62,39.552
42908.79,1075.967,26.687,39.52
42908.83,1075.967,26.77,39.528
42908.88,1075.442,26.847,39.504
42908.92,1075.442,26.923,39.496
42908.96,1075.617,26.99,39.416
42909.00,1075.442,27.03,39.4
42909.04,1075.442,27.057,39.384
42909.08,1085.592,27.047,39.476
42909.13,1089.383,27.063,39.524
42909.17,1077.833,27.077,39.524
42909.21,1076.725,27.063,39.508
42909.25,1076.725,27.053,39.476
42909.29,1076.433,27.037,39.46
42909.33,1076.258,27.02,39.38
42909.38,1076.258,26.997,39.24
42909.42,1076.083,26.963,39.164
42909.46,1084.775,26.923,39.356
42909.50,1104.492,26.887,39.52
42909.54,1117.792,26.863,39.596
42909.58,1117.792,26.867,39.62
42909.63,1106.475,26.887,39.584
42909.67,1091.6,26.927,39.6
42909.71,1078.183,26.973,39.572
42909.75,1076.083,27.03,39.58
42909.79,1075.617,27.113,39.54
42909.83,1074.8,27.2,39.468
42909.88,1074.858,27.28,39.412
42909.92,1075.15,27.357,39.3
42909.96,1075.617,27.417,39.18
42910.00,1075.325,27.45,39.064
42910.04,1074.333,27.46,39.008
42910.08,1073.867,27.45,39.064
42910.13,1088.917,27.417,39.376
42910.17,1086.525,27.41,39.368
42910.21,1078.3,27.39,39.344
42910.25,1077.192,27.353,39.376
42910.29,1077.542,27.327,39.272
42910.33,1077.192,27.297,39.148
42910.38,1077.192,27.263,38.904
42910.42,1076.9,27.227,38.676
42910.46,1076.725,27.19,38.504
42910.50,1090.317,27.15,38.916
42910.54,1113.125,27.127,39.364
42910.58,1121.233,27.14,39.46
42910.63,1116.683,27.187,39.432
42910.67,1100.642,27.26,39.3
42910.71,1086.058,27.333,39.212
42910.75,1078.008,27.4,39.228
42910.79,1077.542,27.483,39.184
42910.83,1077.542,27.583,39.064
42910.88,1077.367,27.67,38.956
42910.92,1077.192,27.757,38.78
42910.96,1077.192,27.82,38.604
42911.00,1076.55,27.86,38.412
42911.04,1076.258,27.877,38.268
42911.08,1075.617,27.87,38.22
42911.13,1080.342,27.833,38.464
42911.17,1094.575,27.81,38.848
42911.21,1086.058,27.81,38.732
42911.25,1079.408,27.773,38.712
42911.29,1079.408,27.743,38.612
42911.33,1079.233,27.72,38.472
42911.38,1078.767,27.693,38.236
42911.42,1078.3,27.67,37.964
42911.46,1078.183,27.64,37.708
42911.50,1077.542,27.617,37.592
42911.54,1091.425,27.58,38.124
42911.58,1113.883,27.587,38.668
42911.63,1117.675,27.653,38.76
42911.67,1104.667,27.767,38.632
42911.71,1091.133,27.873,38.5
42911.75,1078.942,27.97,38.416
42911.79,1078.767,28.053,38.432
42911.83,1078.767,28.163,38.332
42911.88,1078.3,28.27,38.192
42911.92,1078.008,28.36,38.028
42911.96,1077.367,28.43,37.88
42912.00,1076.725,28.473,37.708
42912.04,1075.617,28.493,37.568
42912.08,1074.975,28.483,37.476
42912.13,1074.508,28.453,37.484
42912.17,1083.025,28.387,37.828
42912.21,1084.95,28.357,37.888
42912.25,1079.233,28.303,37.852
42912.29,1078.65,28.237,37.824
42912.33,1078.125,28.167,37.612
42912.38,1077.833,28.083,37.396
42912.42,1077.367,28.023,37.128
42912.46,1076.433,27.983,36.864
42912.50,1074.8,27.95,36.6
42912.54,1073.575,27.92,36.592
42912.58,1089.033,27.897,37.228
42912.63,1111.667,27.91,37.808
42912.67,1114.408,27.987,37.864
42912.71,1100,28.103,37.74
42912.75,1083.2,28.23,37.584
42912.79,1076.258,28.31,37.572
42912.83,1076.258,28.417,37.528
42912.88,1075.792,28.517,37.412
42912.92,1075.617,28.603,37.324
42912.96,1075.325,28.667,37.188
42913.00,1074.683,28.71,37.108
42913.04,1073.867,28.727,36.984
42913.08,1072.292,28.707,36.944
42913.13,1071.65,28.66,36.916
42913.17,1071.65,28.587,36.904
42913.21,1083.842,28.51,37.2
42913.25,1085.883,28.457,37.272
42913.29,1080.342,28.37,37.228
42913.33,1076.725,28.28,37.224
42913.38,1076.55,28.21,37.108
42913.42,1076.083,28.153,36.968
42913.46,1075.325,28.113,36.812
42913.50,1074.217,28.08,36.68
42913.54,1073.225,28.053,36.52
42913.58,1071.008,28.047,36.456
42913.63,1081.158,28.067,36.804
42913.67,1095.042,28.113,37.088
42913.71,1098.892,28.2,37.168
42913.75,1086.525,28.33,37.084
42913.79,1076.083,28.443,37.032
42913.83,1075.908,28.543,37.024
42913.88,1075.617,28.66,36.94
42913.92,1075.908,28.753,36.832
42913.96,1075.325,28.823,36.716
42914.00,1074.8,28.863,36.66
42914.04,1074.042,28.873,36.6
42914.08,1073.225,28.847,36.532
42914.13,1072.292,28.797,36.496
42914.17,1071.825,28.727,36.464
42914.21,1072.583,28.647,36.484
42914.25,1087.458,28.54,36.708
42914.29,1081.625,28.233,36.648
42914.33,1078.008,28.11,36.572
42914.38,1078.008,28.05,36.528
42914.42,1077.658,27.977,36.452
42914.46,1077.017,27.963,36.128
42914.50,1075.792,27.993,35.888
42914.54,1074.8,28.017,35.864
42914.58,1073.4,28.02,35.876
42914.63,1071.65,28.013,35.888
42914.67,1071.475,28.023,36.004
42914.71,1087.633,28.077,36.548
42914.75,1089.85,28.113,36.732
42914.79,1080.05,28.163,36.696
42914.83,1078.125,28.2,36.704
42914.88,1078.475,28.257,36.684
42914.92,1078.3,28.307,36.636
42914.96,1078.125,28.347,36.62
42915.00,1077.658,28.36,36.56
42915.04,1076.9,28.357,36.52
42915.08,1076.433,28.327,36.508
42915.13,1075.15,28.277,36.48
42915.17,1074.508,28.2,36.444
42915.21,1074.333,28.113,36.448
42915.25,1074.8,27.993,36.44
42915.29,1083.025,27.843,36.52
42915.33,1085.242,27.493,36.444
42915.38,1079.758,27.41,36.388
42915.42,1079.117,27.44,36.268
42915.46,1078.3,27.497,36.076
42915.50,1077.658,27.55,36.048
42915.54,1076.725,27.593,36.032
42915.58,1075.15,27.627,36.02
42915.63,1072.933,27.66,36.052
42915.67,1071.533,27.713,36.06
42915.71,1071.183,27.783,36.048
42915.75,1080.692,27.903,36.376
42915.79,1080.517,27.98,36.392
42915.83,1078.942,28.07,36.368
42915.88,1078.767,28.17,36.368
42915.92,1078.767,28.27,36.332
42915.96,1078.008,28.347,36.316
42916.00,1077.367,28.4,36.288
42916.04,1076.083,28.423,36.248
42916.08,1074.683,28.42,36.224
42916.13,1073.225,28.387,36.228
42916.17,1072.583,28.327,36.22
42916.21,1072,28.24,36.228
42916.25,1072.292,28.117,36.216
42916.29,1080.342,28.043,36.272
42916.33,1089.033,27.453,36.228
42916.38,1083.375,27.52,36.2
42916.42,1079.7,27.683,36.224
42916.46,1079.233,27.773,36.256
42916.50,1078.592,27.813,36.248
42916.54,1077.833,27.823,36.256
42916.58,1076.083,27.827,36.256
42916.63,1074.042,27.85,36.24
42916.67,1071.65,27.903,36.244
42916.71,1069.958,27.983,36.264
42916.75,1069.317,28.083,36.264
42916.79,1069.433,28.183,36.264
42916.83,1074.8,28.25,36.328
42916.88,1076.083,28.393,36.404
42916.92,1075.617,28.51,36.364
42916.96,1074.975,28.577,36.364
42917.00,1074.683,28.623,36.36
42917.04,1073.692,28.65,36.376
42917.08,1072.467,28.66,36.38
42917.13,1071.008,28.65,36.38
42917.17,1069.9,28.63,36.38
42917.21,1070.25,28.593,36.396
42917.25,1071.475,28.54,36.408
42917.29,1083.375,28.46,36.516
42917.33,1094.75,28.273,36.608
42917.38,1092.708,28.26,36.568
42917.42,1083.667,28.267,36.564
42917.46,1080.808,28.26,36.564
42917.50,1080.342,28.237,36.536
42917.54,1079.233,28.217,36.46
42917.58,1078.3,28.213,36.428
42917.63,1076.55,28.253,36.412
42917.67,1074.333,28.33,36.424
42917.71,1072.583,28.427,36.416
42917.75,1070.717,28.53,36.424
42917.79,1069.608,28.623,36.416
42917.83,1069.9,28.71,36.456
42917.88,1070.892,28.783,36.456
42917.92,1071.475,28.85,36.504
42917.96,1071.65,28.907,36.524
42918.00,1071.942,28.94,36.524
42918.04,1071.183,28.953,36.548
42918.08,1070.892,28.957,36.56
42918.13,1070.075,28.937,36.548
42918.17,1069.433,28.907,36.568
42918.21,1068.792,28.873,36.584
42918.25,1068.792,28.823,36.568
42918.29,1069.433,28.773,36.596
42918.33,1071.183,28.71,36.672
42918.38,1086.233,28.623,36.88
42918.42,1085.592,28.6,36.892
42918.46,1081.625,28.547,36.892
42918.50,1081.158,28.503,36.892
42918.54,1080.05,28.467,36.872
42918.58,1078.475,28.453,36.88
42918.63,1076.083,28.48,36.844
42918.67,1073.108,28.55,36.848
42918.71,1070.833,28.653,36.832
42918.75,1068.5,28.777,36.804
42918.79,1067.217,28.903,36.808
42918.83,1066.925,29.01,36.816
42918.88,1066.75,29.1,36.812
42918.92,1066.75,29.163,36.84
42918.96,1067.392,29.21,36.86
42919.00,1067.217,29.243,36.86
42919.04,1066.108,29.26,36.88
42919.08,1064.825,29.253,36.884
42919.13,1063.775,29.237,36.908
42919.17,1063.425,29.213,36.892
42919.21,1062.492,29.17,36.904
42919.25,1062.492,29.127,36.908
42919.29,1063.133,29.077,36.908
42919.33,1064.067,29.02,36.928
42919.38,1070.833,28.943,37.052
42919.42,1083.842,28.937,37.328
42919.46,1086.7,28.88,37.412
42919.50,1081.45,28.82,37.428
42919.54,1079.408,28.787,37.396
42919.58,1078.475,28.773,37.372
42919.63,1076.9,28.79,37.372
42919.67,1075.442,28.857,37.38
42919.71,1073.692,28.947,37.352
42919.75,1072,29.027,37.372
42919.79,1071.008,29.103,37.36
42919.83,1070.25,29.177,37.368
42919.88,1069.725,29.233,37.38
42919.92,1069.9,29.28,37.376
42919.96,1070.542,29.303,37.364
42920.00,1071.008,29.317,37.376
42920.04,1070.542,29.317,37.388
42920.08,1069.9,29.31,37.384
42920.13,1068.617,29.283,37.404
42920.17,1068.15,29.253,37.38
42920.21,1068.033,29.22,37.392
42920.25,1067.567,29.17,37.4
42920.29,1067.858,29.12,37.4
42920.33,1068.5,29.067,37.404
42920.38,1069.433,29.013,37.416
42920.42,1086.817,28.89,37.84
42920.46,1096.15,28.877,38.068
42920.50,1090.025,28.837,38.052
42920.54,1080.983,28.803,38.06
42920.58,1079.117,28.773,38.032
42920.63,1077.658,28.783,38.024
42920.67,1076.258,28.82,38.04
42920.71,1075.325,28.893,38.012
42920.75,1073.575,28.993,38
42920.79,1073.225,29.1,38.004
42920.83,1071.65,29.2,38
42920.88,1071.475,29.29,38.024
42920.92,1071.358,29.353,37.996
42920.96,1071.475,29.39,38.024
42921.00,1072.583,29.403,37.996
42921.04,1073.05,29.4,38.004
42921.08,1072.933,29.397,38.044
42921.13,1072.467,29.38,38.028
42921.17,1072.117,29.347,38.004
42921.21,1071.825,29.307,38.016
42921.25,1071.65,29.25,38.012
42921.29,1071.65,29.19,38.008
42921.33,1071.475,29.123,38.04
42921.38,1071.358,29.053,38.036
42921.42,1072.467,28.98,38.02
42921.46,1093.175,28.84,38.288
42921.50,1101.75,28.827,38.352
42921.54,1095.392,28.803,38.36
42921.58,1084.133,28.78,38.336
42921.63,1080.05,28.77,38.328
42921.67,1080.225,28.787,38.336
42921.71,1078.592,28.823,38.32
42921.75,1077.658,28.887,38.328
42921.79,1076.842,28.96,38.336
42921.83,1076.375,29.013,38.332
42921.88,1076.258,29.047,38.32
42921.92,1075.908,29.063,38.324
42921.96,1075.792,29.06,38.324
42922.00,1075.442,29.05,38.312
42922.04,1075.617,29.023,38.328
42922.08,1078.125,28.983,38.328
42922.13,1077.367,28.91,38.344
42922.17,1076.55,28.747,38.308
42922.21,1075.908,28.61,38.292
42922.25,1075.442,28.433,38.224
42922.29,1075.325,28.277,38.18
42922.33,1075.442,28.21,38.184
42922.38,1075.617,28.207,38.184
42922.42,1075.792,28.22,38.192
42922.46,1092.533,28.287,38.48
42922.50,1103.033,28.303,38.5
42922.54,1104.667,28.32,38.516
42922.58,1095.217,28.317,38.504
42922.63,1084.308,28.327,38.5
42922.67,1080.808,28.343,38.508
42922.71,1078.942,28.373,38.488
42922.75,1078.125,28.413,38.468
42922.79,1077.542,28.457,38.452
42922.83,1077.017,28.507,38.476
42922.88,1076.55,28.547,38.46
42922.92,1075.617,28.587,38.436
42922.96,1075.792,28.613,38.416
42923.00,1075.442,28.627,38.424
42923.04,1075.325,28.627,38.424
42923.08,1085.242,28.607,38.484
42923.13,1079.875,28.267,38.396
42923.17,1078.592,28.177,38.312
42923.21,1078.3,28.09,38.3
42923.25,1077.833,28.013,38.296
42923.29,1077.658,27.963,38.308
42923.33,1077.542,27.92,38.34
42923.38,1077.192,27.933,38.32
42923.42,1076.55,27.99,38.324
42923.46,1078.008,28.053,38.336
42923.50,1097.258,28.08,38.468
42923.54,1108.75,28.093,38.492
42923.58,1101.108,28.103,38.492
42923.63,1089.208,28.137,38.508
42923.67,1078.942,28.187,38.5
42923.71,1078.3,28.243,38.496
42923.75,1077.017,28.32,38.468
42923.79,1076.433,28.41,38.452
42923.83,1075.617,28.503,38.468
42923.88,1074.975,28.59,38.444
42923.92,1075.15,28.66,38.448
42923.96,1074.8,28.71,38.428
42924.00,1074.217,28.733,38.404
42924.04,1074.217,28.747,38.404
42924.08,1083.492,28.727,38.44
42924.13,1088.45,28.713,38.512
42924.17,1081.45,28.71,38.496
42924.21,1077.833,28.67,38.468
42924.25,1077.658,28.647,38.48
42924.29,1077.542,28.613,38.44
42924.33,1077.542,28.577,38.44
42924.38,1077.658,28.537,38.428
42924.42,1076.9,28.503,38.428
42924.46,1076.083,28.467,38.392
42924.50,1081.917,28.437,38.408
42924.54,1104.375,28.407,38.496
42924.58,1112.133,28.417,38.524
42924.63,1093.467,28.49,38.532
42924.67,1082.558,28.56,38.524
42924.71,1077.192,28.61,38.52
42924.75,1076.258,28.683,38.496
42924.79,1076.258,28.763,38.496
42924.83,1076.433,28.84,38.452
42924.88,1075.442,28.91,38.432
42924.92,1075.442,28.963,38.396
42924.96,1074.042,29,38.348
42925.00,1073.225,29.013,38.32
42925.04,1073.225,29.007,38.304
42925.08,1073.575,28.987,38.292
42925.13,1085.592,28.933,38.404
42925.17,1083.842,28.923,38.44
42925.21,1077.367,28.883,38.384
42925.25,1077.017,28.83,38.364
42925.29,1076.725,28.773,38.324
42925.33,1077.542,28.703,38.3
42925.38,1077.367,28.613,38.22
42925.42,1077.192,28.517,38.176
42925.46,1076.433,28.47,38.096
42925.50,1075.908,28.463,38.088
42925.54,1094.925,28.45,38.34
42925.58,1105.658,28.433,38.416
42925.63,1104.842,28.437,38.424
42925.67,1093.642,28.46,38.36
42925.71,1081.158,28.507,38.308
42925.75,1076.9,28.537,38.268
42925.79,1076.55,28.59,38.24
42925.83,1076.258,28.65,38.208
42925.88,1075.908,28.71,38.168
42925.92,1075.908,28.77,38.1
42925.96,1075.617,28.817,38.092
42926.00,1075.267,28.85,38.032
42926.04,1075.15,28.853,38.004
42926.08,1074.333,28.843,37.984
42926.13,1081.333,28.803,38.084
42926.17,1081.45,28.787,38.104
42926.21,1077.833,28.723,38.084
42926.25,1077.658,28.65,38.104
42926.29,1077.367,28.537,38.048
42926.33,1076.9,28.397,37.944
42926.38,1076.9,28.287,37.836
42926.42,1076.725,28.193,37.64
42926.46,1075.792,28.193,37.44
42926.50,1075.15,28.253,37.38
42926.54,1090.142,28.307,37.916
42926.58,1108.108,28.307,38.212
42926.63,1111.317,28.313,38.244
42926.67,1104.2,28.353,38.22
42926.71,1091.425,28.42,38.176
42926.75,1079.117,28.487,38.092
42926.79,1077.658,28.51,38.072
42926.83,1077.658,28.567,38.04
42926.88,1077.833,28.623,38.008
42926.92,1077.367,28.673,37.972
42926.96,1076.433,28.72,37.924
42927.00,1076.083,28.75,37.9
42927.04,1075.617,28.76,37.868
42927.08,1074.8,28.74,37.828
42927.13,1074.683,28.7,37.84
42927.17,1085.242,28.577,37.968
42927.21,1083.667,28.17,37.916
42927.25,1079.408,27.783,37.628
42927.29,1078.767,27.78,37.596
42927.33,1078.475,27.717,37.62
42927.38,1078.3,27.717,37.608
42927.42,1078.125,27.813,37.592
42927.46,1077.658,27.943,37.564
42927.50,1076.725,28.033,37.604
42927.54,1076.55,28.073,37.596
42927.58,1099.183,28.11,37.896
42927.63,1117.325,28.133,38.148
42927.67,1103.383,28.173,38.112
42927.71,1092.533,28.233,38.08
42927.75,1080.517,28.303,38
42927.79,1077.658,28.343,38.028
42927.83,1078.3,28.41,37.98
42927.88,1078.942,28.48,37.96
42927.92,1078.3,28.54,37.94
42927.96,1078.767,28.59,37.908
42928.00,1080.167,28.617,37.86
42928.04,1078.942,28.62,37.824
42928.08,1078.125,28.567,37.792
42928.13,1077.542,28.44,37.776
42928.17,1081.625,28.3,37.756
42928.21,1090.142,28.087,37.892
42928.25,1085.125,27.87,37.612
42928.29,1080.225,27.79,37.564
42928.33,1080.342,27.773,37.596
42928.38,1080.342,27.77,37.596
42928.42,1079.875,27.873,37.576
42928.46,1079.408,27.957,37.568
42928.50,1078.767,28.017,37.58
42928.54,1077.192,28.043,37.564
42928.58,1077.833,28.403,37.092
42928.63,1094.925,28.2,37.388
42928.67,1105.95,28.233,37.596
42928.71,1099.65,28.34,37.608
42928.75,1087.342,28.487,37.6
42928.79,1078.008,28.593,37.6
42928.83,1077.95,28.707,37.604
42928.88,1077.833,28.827,37.58
42928.92,1077.542,28.937,37.572
42928.96,1077.017,29.02,37.58
42929.00,1076.433,29.073,37.552
42929.04,1076.433,29.093,37.492
42929.08,1075.442,29.083,37.46
42929.13,1074.8,29.047,37.404
42929.17,1074.683,28.987,37.388
42929.21,1086.233,28.913,37.48
42929.25,1085.592,28.743,37.476
42929.29,1079.233,28.58,37.444
42929.33,1079.583,28.477,37.408
42929.38,1079.233,28.337,37.296
42929.42,1078.475,28.283,37.036
42929.46,1077.833,28.36,36.964
42929.50,1077.192,28.42,36.972
42929.54,1076.083,28.44,36.988
42929.58,1074.8,28.447,36.996
42929.63,1073.867,28.473,36.988
42929.67,1089.85,28.537,37.392
42929.71,1100,28.59,37.528
42929.75,1092.825,28.693,37.508
42929.79,1081.158,28.8,37.496
42929.83,1078.475,28.86,37.504
42929.88,1078.125,28.943,37.48
42929.92,1078.125,29.007,37.476
42929.96,1077.95,29.053,37.444
42930.00,1077.658,29.073,37.428
42930.04,1076.842,29.07,37.388
42930.08,1075.792,29.047,37.328
42930.13,1074.975,28.997,37.296
42930.17,1074.333,28.92,37.296
42930.21,1080.517,28.847,37.316
42930.25,1094.575,28.82,37.428
42930.29,1090.317,28.77,37.4
42930.33,1083.2,28.707,37.4
42930.38,1079.583,28.65,37.396
42930.42,1079.117,28.603,37.38
42930.46,1079.117,28.56,37.356
42930.50,1078.125,28.53,37.292
42930.54,1076.725,28.51,37.204
42930.58,1075.792,28.507,37.16
42930.63,1074.683,28.527,37.108
42930.67,1080.05,28.583,37.232
42930.71,1096.675,28.63,37.432
42930.75,1095.042,28.72,37.424
42930.79,1089.383,28.827,37.428
42930.83,1085.592,28.903,37.444
42930.88,1077.017,29,37.432
42930.92,1077.483,29.09,37.424
42930.96,1077.658,29.17,37.432
42931.00,1077.017,29.227,37.42
42931.04,1076.258,29.253,37.38
42931.08,1075.617,29.253,37.344
42931.13,1074.683,29.213,37.3
42931.17,1073.867,29.157,37.256
42931.21,1073.867,29.08,37.26
42931.25,1087.167,29.007,37.36
42931.29,1092.358,28.94,37.388
42931.33,1088.1,28.85,37.392
42931.38,1079.583,28.77,37.34
42931.42,1078.3,28.713,37.368
42931.46,1078.008,28.66,37.328
42931.50,1077.367,28.617,37.248
42931.54,1076.258,28.57,37.16
42931.58,1074.975,28.54,37.104
42931.63,1074.158,28.527,36.996
42931.67,1073.692,28.513,36.888
42931.71,1072.117,28.513,36.84
42931.75,1076.725,28.527,36.984
42931.79,1082.733,28.537,37.1
42931.83,1078.592,28.55,37.096
42931.88,1074.683,28.557,37.1
42931.92,1074.333,28.567,37.056
42931.96,1074.333,28.573,37
42932.00,1073.692,28.57,36.944
42932.04,1073.225,28.55,36.912
42932.08,1072.583,28.497,36.864
42932.13,1071.358,28.417,36.804
42932.17,1070.367,28.3,36.744
42932.21,1070.25,28.19,36.76
42932.25,1072.117,28.137,36.776
42932.29,1091.25,28.207,36.964
42932.33,1095.567,28.187,37.044
42932.38,1085.592,28.107,37
42932.42,1075.792,28.07,36.984
42932.46,1074.508,28.047,37
42932.50,1073.867,28.017,36.996
42932.54,1073.108,28.007,36.944
42932.58,1071.475,28.033,36.916
42932.63,1069.317,28.103,36.848
42932.67,1068.208,28.227,36.82
42932.71,1065.992,28.38,36.808
42932.75,1065.467,28.54,36.84
42932.79,1066.108,28.683,36.884
42932.83,1079.233,28.817,37.152
42932.88,1074.333,28.967,37.132
42932.92,1073.867,29.067,37.136
42932.96,1073.575,29.157,37.108
42933.00,1072.933,29.21,37.08
42933.04,1072.117,29.233,37.056
42933.08,1071.358,29.217,37.004
42933.13,1070.075,29.177,36.952
42933.17,1068.617,29.103,36.904
42933.21,1068.15,29.013,36.896
42933.25,1068.325,28.893,36.88
42933.29,1081.333,28.827,36.988
42933.33,1095.217,28.777,37.136
42933.38,1093.642,28.71,37.16
42933.42,1084.308,28.643,37.132
42933.46,1075.908,28.587,37.12
42933.50,1076.083,28.54,37.124
42933.54,1075.792,28.497,37.104
42933.58,1074.217,28.463,37.044
42933.63,1072.467,28.437,36.996
42933.67,1071.825,28.42,36.892
42933.71,1070.892,28.427,36.78
42933.75,1069.142,28.45,36.736
42933.79,1068.792,28.483,36.704
42933.83,1073.867,28.54,36.752
42933.88,1073.692,28.577,36.696
42933.92,1073.575,28.6,36.704
42933.96,1073.4,28.623,36.688
42934.00,1072.758,28.62,36.66
42934.04,1072,28.533,36.644
42934.08,1070.892,28.367,36.58
42934.13,1070.25,28.183,36.5
42934.17,1069.9,28.087,36.504
42934.21,1069.783,27.987,36.476
42934.25,1070.075,27.89,36.496
42934.29,1071.008,27.79,36.516
42934.33,1089.208,27.397,36.6
42934.38,1103.383,27.767,36.94
42934.42,1093.467,27.75,36.912
42934.46,1084.308,27.753,36.728
42934.50,1078.183,27.787,36.724
42934.54,1077.833,27.797,36.62
42934.58,1076.433,27.827,36.608
42934.63,1075.325,27.877,36.612
42934.67,1074.042,27.937,36.596
42934.71,1072.758,28.02,36.612
42934.75,1071.825,28.113,36.616
42934.79,1070.717,28.21,36.6
42934.83,1070.367,28.3,36.588
42934.88,1070.367,28.383,36.596
42934.92,1071.358,28.447,36.608
42934.96,1071.825,28.487,36.616
42935.00,1072,28.517,36.624
42935.04,1071.183,28.527,36.636
42935.08,1070.075,28.513,36.636
42935.13,1069.608,28.477,36.644
42935.17,1068.792,28.413,36.64
42935.21,1068.675,28.313,36.64
42935.25,1068.675,28.17,36.652
42935.29,1068.967,28.043,36.576
42935.33,1069.9,27.927,36.556
42935.38,1087.633,28.047,36.912
42935.42,1098.717,28.073,37.108
42935.46,1098.075,28.033,37.148
42935.50,1089.033,27.99,37.108
42935.54,1078.767,27.957,37.104
42935.58,1078.008,27.943,37.1
42935.63,1076.725,27.943,37.08
42935.67,1075.325,27.967,37.08
42935.71,1074.042,28.023,37.052
42935.75,1072.292,28.103,36.992
42935.79,1071.183,28.197,36.932
42935.83,1071.008,28.297,36.916
42935.88,1071.008,28.38,36.884
42935.92,1071.825,28.453,36.9
42935.96,1071.825,28.507,36.908
42936.00,1084.017,28.533,37.112
42936.04,1080.808,28.573,37.108
42936.08,1077.017,28.57,37.112
42936.13,1076.725,28.567,37.104
42936.17,1075.908,28.53,37.084
42936.21,1075.325,28.413,37.044
42936.25,1074.858,28.237,37.012
42936.29,1074.8,27.977,36.864
42936.33,1074.508,27.777,36.624
42936.38,1074.683,27.74,36.648
42936.42,1092.067,28.03,37.044
42936.46,1102.567,28.093,37.148
42936.50,1105.833,28.07,37.204
42936.54,1094.575,28.033,37.212
42936.58,1082.908,28.013,37.18
42936.63,1077.192,28.017,37.18
42936.67,1075.442,28.037,37.16
42936.71,1074.217,28.08,37.188
42936.75,1074.217,28.13,37.168
42936.79,1073.575,28.183,37.128
42936.83,1072.467,28.23,37.08
42936.88,1073.225,28.27,37.028
42936.92,1073.867,28.287,37.008
42936.96,1076.433,28.297,37.02
42937.00,1075.908,28.17,36.984
42937.04,1081.917,28.067,37.08
42937.08,1078.125,27.737,37.056
42937.13,1075.325,27.513,36.808
42937.17,1074.333,27.403,36.74
42937.21,1073.867,27.337,36.724
42937.25,1073.4,27.263,36.724
42937.29,1073.4,27.207,36.736
42937.33,1073.575,27.17,36.764
42937.38,1073.75,27.167,36.788
42937.42,1077.017,27.2,36.824
42937.46,1096.325,27.27,37
42937.50,1112.133,27.41,37.176
42937.54,1110.5,27.423,37.204
42937.58,1096.033,27.457,37.232
42937.63,1082.092,27.493,37.216
42937.67,1074.975,27.53,37.212
42937.71,1075.325,27.56,37.236
42937.75,1074.508,27.61,37.24
42937.79,1073.575,27.69,37.224
42937.83,1072.933,27.777,37.208
42937.88,1072.467,27.867,37.208
42937.92,1072.292,27.947,37.144
42937.96,1072,28.003,37.104
42938.00,1071.533,28.037,37.076
42938.04,1075.442,28.03,37.184
42938.08,1089.208,28.017,37.236
42938.13,1085.592,28.02,37.236
42938.17,1078.942,27.997,37.212
42938.21,1074.975,27.967,37.224
42938.25,1074.975,27.947,37.208
42938.29,1074.8,27.923,37.224
42938.33,1075.442,27.903,37.188
42938.38,1075.617,27.87,37.176
42938.42,1074.975,27.827,37.168
42938.46,1083.55,27.797,37.248
42938.50,1109.042,27.767,37.384
42938.54,1127.533,27.753,37.58
42938.58,1116.333,27.763,37.572
42938.63,1102.1,27.8,37.54
42938.67,1083.667,27.853,37.48
42938.71,1075.15,27.887,37.448
42938.75,1075.442,27.927,37.476
42938.79,1075.325,27.97,37.452
42938.83,1074.8,28.017,37.42
42938.88,1074.508,28.06,37.352
42938.92,1074.042,28.09,37.24
42938.96,1073.75,28.11,37.124
42939.00,1073.108,28.113,36.98
42939.04,1072.758,28.097,36.856
42939.08,1086.817,28.06,37.32
42939.13,1099.475,28.043,37.464
42939.17,1097.608,28.033,37.492
42939.21,1082.558,28.017,37.328
42939.25,1075.325,27.98,37.284
42939.29,1074.975,27.95,37.28
42939.33,1075.908,27.92,37.248
42939.38,1076.433,27.893,37.16
42939.42,1077.017,27.853,37.116
42939.46,1077.367,27.813,37.14
42939.50,1090.958,27.777,37.44
42939.54,1116.042,27.747,37.62
42939.58,1123.625,27.69,37.676
42939.63,1122.167,27.643,37.688
42939.67,1103.675,27.587,37.664
42939.71,1086.992,27.547,37.608
42939.75,1074.683,27.527,37.456
42939.79,1073.4,27.517,37.504
42939.83,1073.4,27.5,37.492
42939.88,1072.758,27.49,37.408
42939.92,1072.933,27.477,37.296
42939.96,1072.933,27.457,37.184
42940.00,1072.467,27.43,37.012
42940.04,1072.117,27.397,36.924
42940.08,1072.758,27.377,36.964
42940.13,1093.642,27.397,37.54
42940.17,1096.792,27.37,37.568
42940.21,1090.783,27.34,37.52
42940.25,1077.658,27.307,37.22
42940.29,1075.325,27.293,37.268
42940.33,1075.908,27.27,37.216
42940.38,1075.325,27.25,37.132
42940.42,1074.858,27.22,36.964
42940.46,1075.15,27.2,36.804
42940.50,1075.15,27.187,36.796
42940.54,1099.825,27.207,37.512
42940.58,1119.075,27.233,37.756
42940.63,1118.958,27.297,37.772
42940.67,1106.475,27.397,37.684
42940.71,1088.917,27.497,37.556
42940.75,1076.9,27.57,37.448
42940.79,1075.325,27.627,37.492
42940.83,1075.442,27.707,37.484
42940.88,1075.442,27.787,37.392
42940.92,1075.617,27.85,37.312
42940.96,1075.325,27.903,37.224
42941.00,1074.975,27.933,37.132
42941.04,1074.217,27.943,37.076
42941.08,1073.692,27.937,37.044
42941.13,1075.792,27.907,37.148
42941.17,1092.358,27.88,37.448
42941.21,1086.35,27.877,37.428
42941.25,1079.583,27.853,37.332
42941.29,1078.008,27.817,37.376
42941.33,1078.3,27.79,37.312
42941.38,1078.008,27.763,37.248
42941.42,1077.367,27.733,37.132
42941.46,1076.55,27.71,37.016
42941.50,1075.442,27.69,36.896
42941.54,1074.683,27.69,36.88
42941.58,1090.783,27.713,37.336
42941.63,1108.05,27.78,37.56
42941.67,1109.392,27.913,37.608
42941.71,1099.183,28.093,37.516
42941.75,1085.417,28.257,37.388
42941.79,1077.367,28.35,37.376
42941.83,1077.192,28.46,37.356
42941.88,1077.192,28.583,37.3
42941.92,1076.55,28.693,37.196
42941.96,1076.083,28.773,37.028
42942.00,1075.325,28.823,36.864
42942.04,1074.333,28.843,36.728
42942.08,1073.692,28.837,36.616
42942.13,1073.4,28.81,36.592
42942.17,1076.433,28.75,36.804
42942.21,1086.233,28.707,37.14
42942.25,1078.942,28.697,37.012
42942.29,1077.483,28.633,37.028
42942.33,1077.542,28.583,36.956
42942.38,1077.367,28.527,36.8
42942.42,1076.725,28.47,36.616
42942.46,1075.442,28.413,36.42
42942.50,1074.042,28.367,36.236
42942.54,1072.467,28.343,36.128
42942.58,1070.892,28.35,36.136
42942.63,1084.133,28.383,36.78
42942.67,1097.608,28.48,37.16
42942.71,1096.5,28.647,37.168
42942.75,1085.242,28.843,37.02
42942.79,1075.442,28.99,36.9
42942.83,1074.8,29.087,36.976
42942.88,1074.975,29.24,36.932
42942.92,1074.683,29.367,36.784
42942.96,1073.867,29.463,36.636
42943.00,1072.467,29.517,36.484
42943.04,1071.825,29.53,36.36
42943.08,1070.833,29.523,36.256
42943.13,1070.717,29.487,36.236
42943.17,1072.933,29.413,36.408
42943.21,1090.142,29.34,36.948
42943.25,1087.808,29.333,36.908
42943.29,1078.3,29.287,36.744
42943.33,1074.683,29.203,36.764
42943.38,1074.683,29.15,36.736
42943.42,1074.333,29.1,36.624
42943.46,1073.575,29.043,36.468
42943.50,1072.117,28.993,36.316
42943.54,1070.542,28.963,36.216
42943.58,1068.617,28.96,36.16
42943.63,1067.217,29,36.176
42943.67,1080.342,29.053,36.716
42943.71,1092.242,29.163,37.04
42943.75,1088.917,29.347,37.004
42943.79,1078.767,29.523,36.872
42943.83,1072.758,29.593,36.86
42943.88,1072.292,29.687,36.86
42943.92,1072.292,29.79,36.776
42943.96,1071.942,29.867,36.672
42944.00,1071.65,29.907,36.544
42944.04,1070.892,29.91,36.436
42944.08,1069.608,29.88,36.34
42944.13,1068.5,29.83,36.292
42944.17,1068.033,29.767,36.28
42944.21,1081.275,29.66,36.704
42944.25,1087.633,29.61,36.868
42944.29,1083.492,29.56,36.816
42944.33,1075.733,29.49,36.716
42944.38,1072.933,29.413,36.732
42944.42,1072.583,29.353,36.676
42944.46,1071.942,29.3,36.568
42944.50,1071.008,29.257,36.46
42944.54,1069.608,29.233,36.372
42944.58,1067.567,29.243,36.284
42944.63,1065.467,29.297,36.248
42944.67,1063.6,29.387,36.296
42944.71,1078.592,29.457,36.76
42944.75,1085.883,29.603,36.976
42944.79,1084.95,29.773,36.984
42944.83,1075.617,29.953,36.884
42944.88,1070.367,30.01,36.88
42944.92,1070.367,30.113,36.868
42944.96,1069.9,30.21,36.796
42945.00,1069.142,30.277,36.712
42945.04,1068.617,30.307,36.612
42945.08,1067.858,30.303,36.528
42945.13,1066.75,30.27,36.484
42945.17,1067.042,30.203,36.52
42945.21,1085.883,30.097,36.968
42945.25,1099.475,30.047,37.176
42945.29,1100.933,30.03,37.18
42945.33,1093.35,29.997,37.152
42945.38,1084.775,29.943,37.076
42945.42,1074.333,29.883,36.96
42945.46,1070.717,29.803,36.988
42945.50,1070.075,29.75,36.96
42945.54,1068.967,29.713,36.84
42945.58,1067.858,29.687,36.772
42945.63,1067.217,29.693,36.7
42945.67,1065.642,29.737,36.66
42945.71,1065,29.79,36.664
42945.75,1078.767,29.823,37.004
42945.79,1078.3,29.91,37.052
42945.83,1077.658,29.957,37.06
42945.88,1072.292,30.013,37.016
42945.92,1069.258,30.02,37.036
42945.96,1068.792,30.043,36.976
42946.00,1068.325,30.05,36.888
42946.04,1067.858,30.037,36.764
42946.08,1067.042,30.007,36.68
42946.13,1066.283,29.963,36.6
42946.17,1066.108,29.907,36.548
42946.21,1079.583,29.82,36.856
42946.25,1098.542,29.753,37.184
42946.29,1107.408,29.71,37.276
42946.33,1100.642,29.673,37.232
42946.38,1096.325,29.61,37.188
42946.42,1097.433,29.543,37.224
42946.46,1097.783,29.483,37.208
42946.50,1085.242,29.42,37.136
42946.54,1074.217,29.333,37.096
42946.58,1071.183,29.27,37.104
42946.63,1070.717,29.22,37.104
42946.67,1070.367,29.17,37.068
42946.71,1070.075,29.123,37.016
42946.75,1069.142,29.087,36.932
42946.79,1068.792,29.063,36.9
42946.83,1068.325,29.05,36.836
42946.88,1068.967,29.033,36.764
42946.92,1069.433,29.02,36.732
42946.96,1069.317,29.003,36.668
42947.00,1069.142,28.973,36.644
42947.04,1068.5,28.927,36.596
42947.08,1067.567,28.857,36.556
42947.13,1066.283,28.773,36.508
42947.17,1066.283,28.68,36.52
42947.21,1066.458,28.587,36.548
42947.25,1066.108,28.493,36.592
42947.29,1066.75,28.403,36.624
42947.33,1067.392,28.31,36.668
42947.38,1067.567,28.227,36.764
42947.42,1067.217,28.133,36.828
42947.46,1066.108,28.047,36.84
42947.50,1064.883,27.997,36.86
42947.54,1063.133,27.983,36.924
42947.58,1060.917,27.993,36.94
42947.63,1059.167,28.03,36.996
42947.67,1057.417,28.097,37
42947.71,1055.55,28.193,37.024
42947.75,1054.442,28.313,37
42947.79,1053.8,28.43,37.02
42947.83,1054.267,28.527,37.04
42947.88,1055.375,28.607,37.096
42947.92,1056.658,28.66,37.14
42947.96,1057.067,28.69,37.152
42948.00,1056.775,28.697,37.172
42948.04,1055.842,28.68,37.16
42948.08,1055.2,28.647,37.164
42948.13,1054.442,28.597,37.16
42948.17,1053.45,28.53,37.152
42948.21,1053.45,28.457,37.136
42948.25,1053.625,28.377,37.16
42948.29,1054.558,28.29,37.2
42948.33,1058.058,28.213,37.288
42948.38,1079.583,28.123,37.452
42948.42,1081.8,28.007,37.464
42948.46,1080.225,27.897,37.452
42948.50,1075.617,27.807,37.452
42948.54,1074.508,27.723,37.42
42948.58,1073.283,27.66,37.364
42948.63,1071.358,27.663,37.268
42948.67,1069.142,27.74,37.136
42948.71,1067.1,27.863,37.032
42948.75,1065.175,28.013,36.928
42948.79,1063.892,28.16,36.848
42948.83,1063.25,28.29,36.832
42948.88,1063.775,28.393,36.84
42948.92,1063.775,28.467,36.876
42948.96,1066.283,28.5,37.12
42949.00,1071.358,28.497,37.436
42949.04,1071.358,28.547,37.456
42949.08,1070.717,28.553,37.444
42949.13,1069.433,28.53,37.408
42949.17,1069.142,28.493,37.412
42949.21,1068.675,28.45,37.412
42949.25,1068.325,28.397,37.404
42949.29,1075.792,28.34,37.44
42949.33,1093,28.283,37.6
42949.38,1091.25,28.22,37.616
42949.42,1095.858,28.167,37.636
42949.46,1096.675,28.1,37.64
42949.50,1096.325,28.04,37.636
42949.54,1091.425,27.98,37.652
42949.58,1094.925,27.943,37.656
42949.63,1086.817,27.89,37.644
42949.67,1075.15,27.863,37.604
42949.71,1074.683,27.85,37.62
42949.75,1074.042,27.84,37.576
42949.79,1073.867,27.843,37.528
42949.83,1073.692,27.853,37.484
42949.88,1074.508,27.867,37.444
42949.92,1077.658,27.88,37.44
42949.96,1100.117,27.89,37.664
42950.00,1112.425,27.89,37.752
42950.04,1105.483,27.887,37.724
42950.08,1094.458,27.88,37.664
42950.13,1089.558,27.87,37.672
42950.17,1082.558,27.863,37.628
42950.21,1076.433,27.853,37.608
42950.25,1076.55,27.85,37.612
42950.29,1076.9,27.84,37.58
42950.33,1077.833,27.833,37.572
42950.38,1087.633,27.82,37.74
42950.42,1097.9,27.803,37.804
42950.46,1096.675,27.78,37.78
42950.50,1090.142,27.753,37.768
42950.54,1090.317,27.727,37.764
42950.58,1086.525,27.7,37.756
42950.63,1080.05,27.68,37.7
42950.67,1079.117,27.667,37.76
42950.71,1078.008,27.653,37.748
42950.75,1077.542,27.64,37.708
42950.79,1077.367,27.623,37.648
42950.83,1077.367,27.603,37.632
42950.88,1079.7,27.59,37.592
42950.92,1080.517,27.577,37.604
42950.96,1079.583,27.557,37.644
42951.00,1078.475,27.537,37.624
42951.04,1080.05,27.517,37.676
42951.08,1088.45,27.493,37.816
42951.13,1084.95,27.443,37.82
42951.17,1077.192,27.403,37.784
42951.21,1077.075,27.367,37.756
42951.25,1076.9,27.323,37.732
42951.29,1077.075,27.28,37.696
42951.33,1077.075,27.24,37.672
42951.38,1077.542,27.203,37.62
42951.42,1086.233,27.187,37.76
42951.46,1101.925,27.16,37.888
42951.50,1109.508,27.113,37.928
42951.54,1105.308,27.05,37.916
42951.58,1096.675,27.013,37.892
42951.63,1082.558,26.983,37.816
42951.67,1076.725,26.99,37.788
42951.71,1076.55,26.99,37.792
42951.75,1076.433,26.993,37.752
42951.79,1076.433,27.01,37.708
42951.83,1075.792,27.05,37.636
42951.88,1075.442,27.097,37.568
42951.92,1074.858,27.14,37.548
42951.96,1074.333,27.18,37.512
42952.00,1074.508,27.207,37.508
42952.04,1082.267,27.22,37.684
42952.08,1092.533,27.233,37.84
42952.13,1087.808,27.243,37.82
42952.17,1079.583,27.243,37.736
42952.21,1075.617,27.24,37.728
42952.25,1075.442,27.24,37.716
42952.29,1075.442,27.24,37.664
42952.33,1075.967,27.23,37.608
42952.38,1076.433,27.217,37.564
42952.42,1087.633,27.203,37.748
42952.46,1098.075,27.19,37.896
42952.50,1110.5,27.18,37.968
42952.54,1114.408,27.17,37.988
42952.58,1106.942,27.167,37.948
42952.63,1091.6,27.173,37.848
42952.67,1079.875,27.187,37.768
42952.71,1075.617,27.203,37.76
42952.75,1075.617,27.227,37.76
42952.79,1075.325,27.26,37.688
42952.83,1075.442,27.297,37.628
42952.88,1075.325,27.34,37.536
42952.92,1074.975,27.38,37.428
42952.96,1074.333,27.417,37.332
42953.00,1074.042,27.44,37.328
42953.04,1078.942,27.443,37.524
42953.08,1091.892,27.44,37.76
42953.13,1087.925,27.45,37.728
42953.17,1079.117,27.437,37.596
42953.21,1075.325,27.417,37.584
42953.25,1075.617,27.397,37.58
42953.29,1075.792,27.373,37.484
42953.33,1075.967,27.35,37.408
42953.38,1075.792,27.323,37.288
42953.42,1075.442,27.293,37.224
42953.46,1088.917,27.27,37.58
42953.50,1108.575,27.247,37.876
42953.54,1119.425,27.23,37.956
42953.58,1111.492,27.223,37.868
42953.63,1102.392,27.233,37.784
42953.67,1087.342,27.25,37.588
42953.71,1076.083,27.277,37.408
42953.75,1075.325,27.3,37.488
42953.79,1075.325,27.337,37.404
42953.83,1074.975,27.38,37.264
42953.88,1074.975,27.427,37.092
42953.92,1074.975,27.47,36.904
42953.96,1074.8,27.507,36.74
42954.00,1074.683,27.527,36.652
42954.04,1079.233,27.527,37
42954.08,1094.283,27.52,37.468
42954.13,1100,27.52,37.592
42954.17,1090.667,27.52,37.4
42954.21,1079.875,27.503,37.132
42954.25,1076.083,27.48,37.132
42954.29,1075.967,27.463,37.1
42954.33,1075.908,27.453,36.992
42954.38,1075.617,27.437,36.8
42954.42,1074.975,27.417,36.612
42954.46,1077.367,27.39,36.78
42954.50,1099.825,27.37,37.5
42954.54,1119.133,27.36,37.776
42954.58,1127.708,27.367,37.844
42954.63,1122.692,27.403,37.808
42954.67,1105.833,27.46,37.576
42954.71,1088.45,27.53,37.236
42954.75,1075.967,27.587,36.984
42954.79,1074.042,27.627,37.152
42954.83,1073.75,27.697,37.132
42954.88,1074.333,27.777,36.984
42954.92,1074.508,27.847,36.832
42954.96,1074.683,27.9,36.656
42955.00,1074.508,27.937,36.484
42955.04,1073.867,27.947,36.46
42955.08,1086.992,27.91,37.14
42955.13,1099.183,27.907,37.472
42955.17,1093.35,27.927,37.356
42955.21,1081.45,27.92,37.032
42955.25,1074.217,27.887,36.904
42955.29,1074.508,27.863,36.96
42955.33,1074.508,27.85,36.844
42955.38,1074.333,27.83,36.652
42955.42,1074.042,27.803,36.456
42955.46,1074.042,27.767,36.316
42955.50,1086.233,27.733,36.956
42955.54,1105.133,27.717,37.468
42955.58,1120.883,27.73,37.688
42955.63,1122.167,27.783,37.688
42955.67,1110.675,27.873,37.508
42955.71,1093.175,27.97,37.188
42955.75,1078.475,28.05,36.796
42955.79,1073.867,28.08,36.888
42955.83,1074.683,28.157,36.892
42955.88,1074.683,28.247,36.76
42955.92,1074.683,28.33,36.588
42955.96,1074.683,28.393,36.368
42956.00,1074.333,28.43,36.124
42956.04,1073.692,28.447,35.972
42956.08,1074.683,28.423,36.228
42956.13,1093.933,28.373,37.056
42956.17,1097.608,28.387,37.176
42956.21,1092.242,28.383,37.004
42956.25,1083.375,28.367,36.684
42956.29,1075.792,28.327,36.52
42956.33,1076.083,28.297,36.52
42956.38,1076.433,28.277,36.328
42956.42,1075.908,28.253,36.052
42956.46,1075.442,28.223,35.78
42956.50,1074.8,28.193,35.644
42956.54,1089.85,28.327,35.072
42956.58,1111.492,28.14,36.46
42956.63,1123.625,28.17,36.892
42956.67,1119.425,28.277,36.76
42956.71,1104.492,28.423,36.144
42956.75,1088.567,28.537,35.532
42956.79,1078.125,28.563,35.252
42956.83,1078.125,28.59,35.584
42956.88,1077.833,28.683,35.536
42956.92,1078.767,28.787,35.276
42956.96,1079.117,28.867,34.792
42957.00,1078.592,28.92,34.056
42957.04,1077.542,28.933,33.236
42957.08,1076.55,28.917,32.984
42957.13,1081.8,28.84,34.24
42957.17,1095.683,28.787,35.656
42957.21,1091.133,28.8,35.5
42957.25,1084.133,28.77,35.128
42957.29,1079.117,28.703,35.1
42957.33,1079.233,28.653,35.128
42957.38,1078.942,28.61,34.864
42957.42,1078.942,28.563,34.312
42957.46,1078.3,28.51,33.612
42957.50,1077.367,28.46,33
42957.54,1075.908,28.413,32.904
42957.58,1084.95,28.387,34.528
42957.63,1102.917,28.393,35.8
42957.67,1110.675,28.46,36.092
42957.71,1100.292,28.623,35.78
42957.75,1087.808,28.77,35.244
42957.79,1077.833,28.853,34.92
42957.83,1077.833,28.893,35.212
42957.88,1077.95,29,35.164
42957.92,1077.95,29.103,34.872
42957.96,1077.833,29.183,34.396
42958.00,1079.408,29.227,33.748
42958.04,1078.942,29.217,33.696
42958.08,1077.658,29.21,33.732
42958.13,1077.192,29.193,33.684
42958.17,1085.417,29.143,34.108
42958.21,1092.533,29.08,34.876
42958.25,1083.025,29.057,34.912
42958.29,1077.95,28.997,35.172
42958.33,1077.833,28.95,35.312
42958.38,1077.483,28.907,35.164
42958.42,1077.367,28.853,34.748
42958.46,1076.725,28.793,34.212
42958.50,1075.792,28.74,33.296
42958.54,1073.575,28.697,32.936
42958.58,1071.825,28.677,33.032
42958.63,1085.242,28.667,34.748
42958.67,1101.283,28.717,35.712
42958.71,1100.292,28.85,35.676
42958.75,1092.242,29.003,35.408
42958.79,1082.267,29.147,34.988
42958.83,1076.258,29.2,34.952
42958.88,1075.792,29.28,35.136
42958.92,1075.442,29.4,34.996
42958.96,1076.083,29.46,35.028
42959.00,1075.442,29.507,35.1
42959.04,1074.683,29.55,35.112
42959.08,1074.158,29.573,34.976
42959.13,1073.225,29.563,34.804
42959.17,1075.442,29.513,34.892
42959.21,1090.958,29.473,35.032
42959.25,1089.383,29.39,35.884
42959.29,1081.275,29.373,35.876
42959.33,1076.083,29.347,35.696
42959.38,1077.192,29.287,35.692
42959.42,1075.325,29.243,35.104
42959.46,1074.8,29.183,34.74
42959.50,1073.4,29.133,34.272
42959.54,1071.475,29.087,33.956
42959.58,1070.075,29.07,34.02
42959.63,1068.5,29.087,34.24
42959.67,1081.917,29.09,35.524
42959.71,1096.325,29.187,36.124
42959.75,1094.108,29.363,36.056
42959.79,1084.95,29.54,35.756
42959.83,1075.442,29.64,35.464
42959.88,1073.575,29.66,35.668
42959.92,1073.867,29.763,35.676
42959.96,1074.042,29.87,35.448
42960.00,1073.225,29.937,35.124
42960.04,1072.467,29.963,34.748
42960.08,1071.475,29.953,34.464
42960.13,1070.542,29.923,34.36
42960.17,1073.05,29.847,34.892
42960.21,1090.783,29.75,35.96
42960.25,1099.183,29.747,36.228
42960.29,1093,29.757,36.024
42960.33,1083.025,29.717,35.56
42960.38,1075.15,29.647,35.32
42960.42,1074.8,29.577,35.48
42960.46,1074.683,29.54,35.32
42960.50,1074.158,29.5,34.936
42960.54,1072.292,29.467,34.384
42960.58,1070.542,29.453,34.024
42960.63,1068.033,29.46,33.936
42960.67,1066.108,29.493,34.148
42960.71,1073.4,29.5,35.288
42960.75,1088.917,29.577,36.028
42960.79,1089.208,29.74,36.076
42960.83,1082.092,29.883,35.804
42960.88,1075.442,29.967,35.564
42960.92,1074.683,29.973,35.8
42960.96,1074.975,30.053,35.74
42961.00,1074.158,30.127,35.5
42961.04,1073.05,30.16,35.136
42961.08,1071.942,30.163,34.772
42961.13,1070.717,30.137,34.528
42961.17,1070.075,30.097,34.508
42961.21,1079.408,29.997,35.448
42961.25,1095.683,29.943,36.22
42961.29,1104.375,29.927,36.392
42961.33,1099.475,29.92,36.252
42961.38,1087.808,29.893,35.684
42961.42,1076.083,29.83,34.988
42961.46,1074.683,29.75,35.3
42961.50,1074.508,29.7,35.244
42961.54,1073.692,29.667,34.816
42961.58,1072.292,29.65,34.384
42961.63,1069.608,29.66,33.98
42961.67,1067.217,29.693,33.816
42961.71,1065.175,29.753,33.88
42961.75,1064.533,29.82,34.22
42961.79,1075.325,29.837,35.448
42961.83,1080.05,29.963,35.708
42961.88,1078.125,30.06,35.632
42961.92,1074.508,30.083,35.664
42961.96,1074.508,30.123,35.748
42962.00,1074.042,30.167,35.552
42962.04,1072.933,30.177,35.188
42962.08,1071.65,30.16,34.72
42962.13,1070.367,30.123,34.376
42962.17,1069.608,30.073,34.196
42962.21,1069.608,30.013,34.276
42962.25,1084.775,29.913,35.6
42962.29,1096.792,29.87,36.116
42962.33,1100.642,29.837,36.188
42962.38,1094.75,29.8,35.892
42962.42,1084.017,29.747,35.2
42962.46,1076.258,29.677,34.924
42962.50,1075.908,29.62,35.1
42962.54,1074.8,29.57,34.9
42962.58,1073.692,29.543,34.48
42962.63,1071.65,29.543,33.992
42962.67,1069.433,29.587,33.608
42962.71,1067.392,29.65,33.408
42962.75,1065.467,29.737,33.428
42962.79,1064.825,29.813,33.712
42962.83,1065.817,29.883,34.096
42962.88,1068.033,29.917,34.848
42962.92,1072.292,29.953,35.668
42962.96,1072.292,30.03,35.688
42963.00,1072.117,30.057,35.704
42963.04,1071.183,30.057,35.704
42963.08,1070.25,30.043,35.7
42963.13,1069.608,30.013,35.724
42963.17,1069.142,29.973,35.74
42963.21,1069.142,29.93,35.748
42963.25,1069.9,29.88,35.86
42963.29,1079.7,29.807,36.284
42963.33,1090.958,29.76,36.512
42963.38,1094.458,29.72,36.516
42963.42,1089.033,29.677,36.34
42963.46,1080.225,29.62,36.028
42963.50,1078.942,29.563,36.108
42963.54,1077.367,29.517,35.952
42963.58,1075.908,29.48,35.588
42963.63,1073.867,29.47,35.124
42963.67,1071.183,29.497,34.708
42963.71,1069.258,29.563,34.396
42963.75,1067.217,29.65,34.312
42963.79,1066.4,29.74,34.332
42963.83,1065.933,29.813,34.524
42963.88,1066.575,29.877,34.812
42963.92,1068.792,29.9,35.428
42963.96,1078.942,29.963,35.92
42964.00,1077.017,30.037,35.356
42964.04,1076.083,30.047,34.676
42964.08,1074.8,30.027,34.012
42964.13,1073.225,29.987,33.596
42964.17,1077.017,29.933,33.62
42964.21,1076.725,29.893,33.708
42964.25,1076.55,29.85,33.74
42964.29,1076.842,29.81,33.584
42964.33,1077.017,29.76,33.416
42964.38,1086.817,29.707,33.404
42964.42,1096.792,29.633,34.844
42964.46,1093.642,29.583,35.104
42964.50,1088.1,29.537,34.816
42964.54,1079.408,29.483,34.488
42964.58,1077.833,29.44,34.652
42964.63,1076.258,29.407,34.388
42964.67,1074.8,29.39,33.872
42964.71,1073.225,29.393,33.248
42964.75,1071.65,29.41,32.576
42964.79,1070.542,29.44,32.276
42964.83,1069.9,29.483,32.172
42964.88,1069.725,29.527,32.216
42964.92,1070.25,29.563,32.452
42964.96,1071.475,29.577,33.232
42965.00,1081.45,29.59,34.184
42965.04,1082.092,29.61,34.332
42965.08,1075.908,29.613,34.244
42965.13,1074.8,29.597,34.42
42965.17,1074.042,29.587,34.204
42965.21,1073.225,29.57,33.732
42965.25,1072.933,29.537,33.176
42965.29,1072.758,29.503,32.752
42965.33,1072.758,29.467,32.512
42965.38,1073.05,29.427,32.552
42965.42,1087.633,29.373,34.248
42965.46,1099.475,29.343,35.02
42965.50,1100,29.317,35.008
42965.54,1093.35,29.293,34.984
42965.58,1084.017,29.27,35
42965.63,1076.433,29.257,35.008
42965.67,1074.8,29.25,35.124
42965.71,1075.267,29.247,35.124
42965.75,1074.8,29.247,35.004
42965.79,1074.8,29.233,34.8
42965.83,1073.867,29.213,34.48
42965.88,1073.867,29.19,34.12
42965.92,1073.225,29.153,33.824
42965.96,1073.867,29.113,33.696
42966.00,1077.658,29.073,33.908
42966.04,1090.958,29.027,34
42966.08,1082.267,28.98,33.98
42966.13,1075.15,28.937,34.288
42966.17,1074.042,28.887,34.62
42966.21,1073.692,28.837,34.604
42966.25,1073.225,28.787,34.392
42966.29,1073.575,28.733,34.076
42966.33,1073.867,28.683,33.736
42966.38,1075.617,28.637,33.684
42966.42,1080.517,28.59,34.072
42966.46,1096.033,28.537,34.164
42966.50,1097.608,28.487,34.1
42966.54,1097.433,28.467,34.556
42966.58,1093.467,28.417,34.508
42966.63,1077.367,28.387,33.288
42966.67,1074.042,28.413,33.62
42966.71,1073.108,28.433,33.68
42966.75,1073.108,28.47,33.292
42966.79,1071.942,28.527,32.732
42966.83,1071.65,28.593,32.184
42966.88,1071.65,28.657,31.732
42966.92,1071.358,28.71,31.412
42966.96,1071.358,28.753,31.316
42967.00,1071.358,28.78,31.588
42967.04,1087.167,28.757,33.856
42967.08,1091.775,28.787,34.272
42967.13,1082.908,28.8,33.66
42967.17,1075.267,28.78,33.308
42967.21,1074.8,28.757,33.612
42967.25,1074.975,28.74,33.5
42967.29,1075.15,28.723,33.104
42967.33,1075.15,28.7,32.616
42967.38,1074.8,28.667,32.072
42967.42,1074.8,28.63,31.7
42967.46,1080.342,28.593,32.66
42967.50,1104.025,28.557,34.744
42967.54,1113.767,28.527,35.128
42967.58,1112.133,28.513,35.008
42967.63,1099.825,28.527,34.384
42967.67,1083.2,28.563,33.172
42967.71,1075.792,28.587,33.164
42967.75,1075.325,28.623,33.436
42967.79,1075.617,28.68,33.26
42967.83,1075.908,28.747,32.808
42967.88,1077.833,28.803,32.3
42967.92,1078.767,28.837,32.068
42967.96,1078.3,28.853,32.324
42968.00,1078.767,28.87,32.304
42968.04,1078.475,28.863,32.316
42968.08,1100,28.797,34.156
42968.13,1092.242,28.803,34.3
42968.17,1085.242,28.767,34.324
42968.21,1077.367,28.727,34.548
42968.25,1077.833,28.687,34.664
42968.29,1078.125,28.647,34.532
42968.33,1078.767,28.603,34.236
42968.38,1078.767,28.56,33.748
42968.42,1078.125,28.51,33.136
42968.46,1077.542,28.463,32.88
42968.50,1095.392,28.427,33.36
42968.54,1116.975,28.413,35.108
42968.58,1119.6,28.387,35.184
42968.63,1110.325,28.393,34.692
42968.67,1099.183,28.423,33.924
42968.71,1083.667,28.46,32.456
42968.75,1078.767,28.47,33.476
42968.79,1078.767,28.5,33.772
42968.83,1078.475,28.537,33.676
42968.88,1078.475,28.577,33.396
42968.92,1078.3,28.603,33.072
42968.96,1078.125,28.62,32.668
42969.00,1077.367,28.623,32.396
42969.04,1076.725,28.613,32.368
42969.08,1082.733,28.59,32.728
42969.13,1094.283,28.57,32.836
42969.17,1089.85,28.537,32.892
42969.21,1080.517,28.497,33.044
42969.25,1077.542,28.46,33.612
42969.29,1078.008,28.42,33.664
42969.33,1077.833,28.383,33.336
42969.38,1077.833,28.343,32.684
42969.42,1077.367,28.293,31.8
42969.46,1076.433,28.25,31.352
42969.50,1077.658,28.213,31.356
42969.54,1098.542,28.207,33.892
42969.58,1117.967,28.193,34.996
42969.63,1120.708,28.207,35.028
42969.67,1108.4,28.267,34.452
42969.71,1092.533,28.35,33.3
42969.75,1078.475,28.423,32.108
42969.79,1075.617,28.453,33.036
42969.83,1075.15,28.527,33.176
42969.88,1074.683,28.617,32.828
42969.92,1074.508,28.69,32.26
42969.96,1074.333,28.75,31.62
42970.00,1073.4,28.787,31.004
42970.04,1073.225,28.797,30.7
42970.08,1073.575,28.783,31.236
42970.13,1092.067,28.73,33.8
42970.17,1095.392,28.74,34.092
42970.21,1085.592,28.733,33.34
42970.25,1075.15,28.697,32.508
42970.29,1074.683,28.653,32.948
42970.33,1074.217,28.62,32.764
42970.38,1073.867,28.587,32.196
42970.42,1073.4,28.55,31.372
42970.46,1072.583,28.51,30.556
42970.50,1071.008,28.473,30.116
42970.54,1069.783,28.45,30.52
42970.58,1091.25,28.44,33.656
42970.63,1105.658,28.473,34.596
42970.67,1104.2,28.56,34.54
42970.71,1090.783,28.7,33.528
42970.75,1076.375,28.817,32.168
42970.79,1070.075,28.84,32.376
42970.83,1070.075,28.92,32.7
42970.88,1070.542,29.023,32.472
42970.92,1070.892,29.117,31.844
42970.96,1072.933,29.16,31.648
42971.00,1071.65,29.193,31.76
42971.04,1071.825,29.207,32.012
42971.08,1071.183,29.207,32.096
42971.13,1076.55,29.17,32.552
42971.17,1099.825,29.057,34.82
42971.21,1093.642,29.097,34.712
42971.25,1077.833,29.057,34.024
42971.29,1071.475,28.99,34.38
42971.33,1071.183,28.94,34.46
42971.38,1071.183,28.893,34.152
42971.42,1071.183,28.843,33.58
42971.46,1070.892,28.787,32.924
42971.50,1069.433,28.737,32.452
42971.54,1068.325,28.687,28.724
42971.58,1074.8,28.68,30.992
42971.63,1097.608,28.687,34.084
42971.67,1106.3,28.74,34.572
42971.71,1101.575,28.847,34.188
42971.75,1087.925,28.983,32.956
42971.79,1073.575,29.097,31.228
42971.83,1070.367,29.097,31.9
42971.88,1071.475,29.17,32.156
42971.92,1071.65,29.24,32.196
42971.96,1070.717,29.31,32.028
42972.00,1071.65,29.37,31.828
42972.04,1070.892,29.387,31.48
42972.08,1070.367,29.38,31.152
42972.13,1078.767,29.333,31.552
42972.17,1091.717,29.267,32.696
42972.21,1089.383,29.247,32.652
42972.25,1084.95,29.197,32.688
42972.29,1075.267,29.143,32.756
42972.33,1073.05,29.087,33.272
42972.38,1073.225,29.04,33.172
42972.42,1073.05,28.993,32.62
42972.46,1072.467,28.943,31.996
42972.50,1071.358,28.893,31.512
42972.54,1070.075,28.857,31.308
42972.58,1068.675,28.847,30.028
42972.63,1071.65,28.847,31.564
42972.67,1089.033,28.877,33.38
42972.71,1095.042,28.967,33.804
42972.75,1090.958,29.09,33.428
42972.79,1078.942,29.233,32.304
42972.83,1072.467,29.267,32.236
42972.88,1073.225,29.337,32.596
42972.92,1073.225,29.44,32.38
42972.96,1072.933,29.53,31.844
42973.00,1073.05,29.593,31.196
42973.04,1072.117,29.617,30.572
42973.08,1071.65,29.61,30.316
42973.13,1071.183,29.577,30.688
42973.17,1083.2,29.5,32.636
42973.21,1093.467,29.48,33.444
42973.25,1086.058,29.5,32.644
42973.29,1077.833,29.447,31.72
42973.33,1074.333,29.38,31.944
42973.38,1073.867,29.33,31.964
42973.42,1073.575,29.287,31.528
42973.46,1073.108,29.243,30.784
42973.50,1071.825,29.2,30
42973.54,1070.075,29.16,29.504
42973.58,1067.683,29.14,29.224
42973.63,1065.467,29.147,29.388
42973.67,1063.425,29.177,29.948
42973.71,1071.358,29.19,32.1
42973.75,1076.258,29.303,32.428
42973.79,1072.292,29.39,32.464
42973.83,1072.117,29.483,32.452
42973.88,1071.942,29.58,31.94
42973.92,1071.475,29.637,31.12
42973.96,1070.075,29.663,30.3
42974.00,1069.608,29.66,29.692
42974.04,1068.5,29.64,29.304
42974.08,1066.75,29.597,29.128
42974.13,1065.992,29.547,29.248
42974.17,1065.292,29.49,29.632
42974.21,1068.5,29.417,31.224
42974.25,1083.667,29.353,32.42
42974.29,1082.092,29.303,32.228
42974.33,1072.467,29.233,31.332
42974.38,1071.358,29.167,31.596
42974.42,1071.008,29.093,31.272
42974.46,1070.25,29.02,30.508
42974.50,1069.258,28.963,29.696
42974.54,1067.683,28.917,29.128
42974.58,1065.642,28.897,28.68
42974.63,1062.608,28.903,28.48
42974.67,1060.45,28.93,28.688
42974.71,1059.283,28.977,29.16
42974.75,1058.7,29.033,29.72
42974.79,1058.35,29.097,30.28
42974.83,1058.7,29.153,30.868
42974.88,1058.525,29.207,31.212
42974.92,1058.233,29.243,31.324
42974.96,1057.417,29.26,31.34
42975.00,1056.95,29.257,31.332
42975.04,1056.017,29.237,31.368
42975.08,1054.908,29.203,31.38
42975.13,1054.092,29.16,31.48
42975.17,1053.742,29.107,31.72
42975.21,1059.167,29.04,33.032
42975.25,1080.225,28.983,33.868
42975.29,1084.95,28.923,34.004
42975.33,1079.408,28.857,33.576
42975.38,1071.942,28.78,32.948
42975.42,1069.783,28.73,33.08
42975.46,1069.258,28.67,32.884
42975.50,1068.675,28.61,32.216
42975.54,1068.033,28.563,31.32
42975.58,1066.75,28.53,30.42
42975.63,1065,28.517,29.716
42975.67,1063.6,28.523,29.432
42975.71,1062.783,28.543,29.484
42975.75,1062.025,28.58,29.752
42975.79,1061.85,28.62,30.168
42975.83,1063.25,28.663,30.616
42975.88,1063.892,28.703,30.908
42975.92,1064.067,28.727,31.112
42975.96,1063.775,28.74,31.228
42976.00,1062.608,28.743,31.26
42976.04,1062.025,28.733,31.244
42976.08,1060.917,28.71,31.292
42976.13,1060.45,28.677,31.356
42976.17,1060.275,28.633,31.624
42976.21,1062.317,28.59,32.528
42976.25,1079.7,28.547,33.932
42976.29,1086.233,28.487,34.108
42976.33,1087.342,28.42,33.992
42976.38,1079.875,28.34,33.38
42976.42,1073.692,28.293,33.192
42976.46,1073.575,28.233,33.176
42976.50,1072.758,28.177,32.692
42976.54,1071.183,28.133,31.98
42976.58,1069.9,28.117,31.308
42976.63,1069.9,28.14,30.968
42976.67,1068.208,28.2,30.272
42976.71,1068.967,28.27,30.952
42976.75,1068.967,28.357,30.992
42976.79,1073.867,28.437,30.9
42976.83,1073.575,28.5,30.816
42976.88,1073.225,28.557,30.276
42976.92,1072.933,28.583,29.824
42976.96,1072.583,28.59,29.476
42977.00,1072,28.583,29.184
42977.04,1071.358,28.563,28.992
42977.08,1070.542,28.533,28.908
42977.13,1070.25,28.493,28.892
42977.17,1069.783,28.45,29.016
42977.21,1069.433,28.4,29.304
42977.25,1070.075,28.35,29.924
42977.29,1082.558,28.287,29.96
42977.33,1085.592,28.223,29.892
42977.38,1086.233,28.157,29.616
42977.42,1080.225,28.093,29.4
42977.46,1075.15,28.043,30.084
42977.50,1075.908,27.987,31.12
42977.54,1074.975,27.923,30.612
42977.58,1073.692,27.9,30.036
42977.63,1072,27.913,29.54
42977.67,1070.25,27.97,29.16
42977.71,1068.675,28.057,28.904
42977.75,1066.925,28.157,28.756
42977.79,1066.108,28.25,28.888
42977.83,1065.992,28.333,29.152
42977.88,1066.75,28.403,29.488
42977.92,1067.683,28.457,29.936
42977.96,1067.683,28.493,30.356
42978.00,1067.567,28.52,30.624
42978.04,1067.567,28.53,30.784
42978.08,1067.042,28.527,30.888
42978.13,1066.108,28.513,30.952
42978.17,1065.467,28.49,31.036
42978.21,1065.467,28.457,31.112
42978.25,1065.467,28.42,31.232
42978.29,1065.992,28.377,31.48
42978.33,1067.858,28.333,32.12
42978.38,1071.358,28.287,32.752
42978.42,1078.767,28.233,32.176
42978.46,1080.517,28.187,32.872
42978.50,1076.9,28.137,32.784
42978.54,1076.258,28.097,32.42
42978.58,1074.683,28.08,31.632
42978.63,1072.292,28.1,30.672
42978.67,1070.25,28.167,29.66
42978.71,1068.033,28.267,28.8
42978.75,1066.108,28.38,28.18
42978.79,1064.708,28.487,27.996
42978.83,1064.242,28.577,28.14
42978.88,1064.358,28.657,28.532
42978.92,1065.175,28.723,28.996
42978.96,1065.35,28.757,30.02
42979.00,1067.858,28.76,31.46
42979.04,1069.608,28.787,32.432
42979.08,1069.783,28.81,32.636
42979.13,1069.783,28.803,32.768
42979.17,1068.792,28.787,32.78
42979.21,1068.675,28.757,32.768
42979.25,1068.792,28.713,32.756
42979.29,1070.717,28.673,32.688
42979.33,1073.867,28.617,32.784
42979.38,1085.708,28.567,32.36
42979.42,1094.575,28.513,33.484
42979.46,1098.717,28.463,33.252
42979.50,1093.642,28.423,33.188
42979.54,1086.525,28.387,33.152
42979.58,1076.55,28.36,33.128
42979.63,1074.975,28.34,32.692
42979.67,1073.4,28.333,32.348
42979.71,1073.108,28.337,31.612
42979.75,1072.292,28.36,30.684
42979.79,1072,28.393,29.772
42979.83,1071.65,28.433,29.12
42979.88,1072.758,28.473,28.836
42979.92,1076.725,28.513,28.48
42979.96,1092.242,28.53,29.24
42980.00,1082.442,28.547,29.256
42980.04,1077.833,28.537,30.436
42980.08,1076.258,28.533,31.456
42980.13,1074.8,28.533,31.456
42980.17,1074.508,28.523,31.016
42980.21,1073.692,28.5,30.456
42980.25,1073.692,28.46,29.776
42980.29,1074.042,28.41,29.252
42980.33,1073.867,28.36,28.896
42980.38,1074.683,28.303,28.74
42980.42,1086.7,28.243,29.02
42980.46,1099.65,28.21,31.648
42980.50,1097.433,28.13,31.396
42980.54,1093.817,28.067,31.192
42980.58,1083.667,28.003,30.004
42980.63,1078.008,27.98,30.072
42980.67,1076.433,27.953,30.292
42980.71,1075.792,27.933,29.856
42980.75,1075.15,27.923,29.14
42980.79,1074.975,27.92,28.488
42980.83,1075.442,27.917,28.088
42980.88,1074.975,27.917,27.624
42980.92,1075.15,27.907,27.32
42980.96,1075.325,27.897,27.212
42981.00,1076.083,27.883,27.728
42981.04,1089.033,27.853,27.832
42981.08,1083.375,27.82,27.94
42981.13,1079.875,27.787,28.36
42981.17,1076.9,27.753,29.168
42981.21,1076.725,27.71,29.096
42981.25,1076.55,27.66,28.484
42981.29,1076.258,27.617,27.72
42981.33,1076.725,27.57,26.928
42981.38,1076.9,27.527,26.264
42981.42,1077.017,27.47,25.456
42981.46,1089.033,27.43,25.644
42981.50,1101.925,27.46,29.836
42981.54,1105.658,27.39,30.24
42981.58,1095.567,27.33,29.056
42981.63,1084.658,27.327,27.732
42981.67,1077.367,27.367,27.584
42981.71,1076.433,27.393,27.604
42981.75,1076.083,27.433,26.848
42981.79,1075.792,27.483,25.84
42981.83,1075.15,27.537,24.948
42981.88,1074.975,27.59,24.168
42981.92,1074.975,27.633,23.564
42981.96,1075.15,27.667,23.356
42982.00,1074.975,27.683,23.732
42982.04,1088.742,27.68,27.06
42982.08,1091.892,27.69,27.736
42982.13,1083.2,27.68,26.676
42982.17,1077.075,27.66,26.488
42982.21,1076.55,27.643,26.732
42982.25,1076.433,27.623,26.26
42982.29,1076.258,27.603,25.392
42982.33,1076.433,27.577,24.52
42982.38,1076.433,27.547,23.848
42982.42,1076.083,27.513,23.42
42982.46,1078.942,27.487,24.352
42982.50,1098.892,27.48,27.944
42982.54,1111.958,27.447,29.348
42982.58,1110.325,27.417,29.072
42982.63,1096.325,27.41,27.46
42982.67,1082.442,27.433,25.772
42982.71,1075.442,27.473,25.796
42982.75,1075.15,27.517,26.012
42982.79,1074.858,27.57,25.44
42982.83,1074.683,27.633,24.548
42982.88,1074.683,27.693,23.628
42982.92,1074.508,27.75,22.792
42982.96,1074.217,27.787,22.192
42983.00,1074.042,27.81,22.132
42983.04,1083.667,27.793,25.096
42983.08,1098.075,27.793,27.604
42983.13,1093.35,27.813,26.94
42983.17,1083.2,27.803,25.632
42983.21,1074.975,27.783,25.004
42983.25,1074.975,27.767,25.352
42983.29,1075.325,27.753,24.832
42983.33,1075.442,27.743,23.82
42983.38,1075.908,27.727,23.372
42983.42,1075.15,27.703,22.576
42983.46,1075.617,27.68,21.988
42983.50,1089.85,27.663,24.076
42983.54,1113.767,27.653,28.936
42983.58,1117.967,27.65,29.148
42983.63,1108.867,27.663,28.26
42983.67,1092.825,27.69,26.08
42983.71,1078.008,27.72,23.988
42983.75,1072.933,27.733,24.436
42983.79,1072.642,27.767,24.676
42983.83,1072.292,27.807,24.148
42983.88,1072.292,27.853,23.216
42983.92,1072.583,27.89,22.216
42983.96,1072.467,27.92,21.468
42984.00,1072.292,27.93,21.236
42984.04,1086.817,27.897,25.172
42984.08,1106.475,27.893,28.072
42984.13,1109.683,27.907,28.276
42984.17,1096.15,27.91,26.48
42984.21,1080.517,27.893,24.088
42984.25,1072.117,27.87,23.696
42984.29,1072.117,27.86,24.092
42984.33,1072.467,27.85,23.652
42984.38,1072.758,27.837,22.756
42984.42,1074.042,27.82,21.772
42984.46,1073.575,27.79,21.336
42984.50,1079.117,27.76,21.672
42984.54,1111.025,27.74,27.788
42984.58,1125.9,27.707,29.392
42984.63,1126.075,27.683,29.184
42984.67,1119.425,27.673,28.368
42984.71,1095.217,27.677,28.36
42984.75,1076.9,27.69,26.264
42984.79,1072.583,27.717,24.404
42984.83,1072.933,27.733,24.988
42984.88,1073.108,27.753,24.82
42984.92,1073.575,27.77,24.192
42984.96,1073.692,27.773,23.468
42985.00,1073.692,27.76,22.968
42985.04,1076.258,27.74,23.336
42985.08,1097.9,27.72,23.948
42985.13,1105.017,27.697,25.12
42985.17,1088.742,27.67,25.312
42985.21,1077.367,27.647,25.804
42985.25,1074.8,27.627,26.76
42985.29,1074.683,27.593,26.744
42985.33,1074.8,27.56,26.248
42985.38,1074.975,27.51,25.448
42985.42,1074.683,27.443,24.536
42985.46,1074.508,27.357,23.496
42985.50,1074.042,27.29,22.76
42985.54,1073.4,27.273,23.02
42985.58,1103.85,27.313,26.412
42985.63,1113.592,27.28,27.516
42985.67,1105.133,27.273,26.42
42985.71,1091.775,27.323,24.416
42985.75,1078.3,27.383,22.452
42985.79,1074.333,27.423,23.056
42985.83,1074.508,27.477,23.096
42985.88,1074.975,27.537,22.46
42985.92,1075.442,27.593,21.532
42985.96,1075.617,27.637,20.664
42986.00,1075.15,27.667,19.992
42986.04,1074.508,27.667,19.744
42986.08,1080.342,27.643,21.708
42986.13,1095.042,27.63,24.9
42986.17,1096.675,27.62,25.212
42986.21,1084.308,27.59,23.36
42986.25,1075.792,27.553,22.6
42986.29,1076.258,27.517,22.752
42986.33,1075.792,27.473,22.18
42986.38,1075.442,27.413,21.192
42986.42,1074.975,27.337,20.216
42986.46,1074.508,27.263,19.424
42986.50,1073.283,27.237,18.952
42986.54,1072,27.247,18.892
42986.58,1074.217,27.28,20.444
42986.63,1093.467,27.32,24.24
42986.67,1094.925,27.37,24.612
42986.71,1086.35,27.47,23.468
42986.75,1075.325,27.573,22.064
42986.79,1074.333,27.643,22.4
42986.83,1074.042,27.743,21.796
42986.88,1074.217,27.837,20.824
42986.92,1073.575,27.907,20
42986.96,1072.933,27.947,19.372
42987.00,1072.467,27.967,18.904
42987.04,1071.825,27.963,18.604
42987.08,1070.892,27.93,18.52
42987.13,1069.9,27.88,18.588
42987.17,1072.933,27.833,19.916
42987.21,1072.933,27.727,19.084
42987.25,1072.467,27.343,18.172
42987.29,1071.475,26.98,17.668
42987.33,1070.892,26.773,17.452
42987.38,1069.783,26.713,17.464
42987.42,1068.967,26.73,17.452
42987.46,1067.567,26.827,17.46
42987.50,1066.167,26.947,17.448
42987.54,1064.883,27.047,17.44
42987.58,1062.375,27.12,17.452
42987.63,1060.275,27.19,17.472
42987.67,1058.7,27.247,17.992
42987.71,1059.808,27.3,19.956
42987.75,1063.133,27.363,21.096
42987.79,1062.317,27.433,21.62
42987.83,1062.375,27.497,22.112
42987.88,1062.025,27.553,22.444
42987.92,1061.675,27.59,22.7
42987.96,1060.45,27.61,22.98
42988.00,1060.1,27.61,23.184
42988.04,1058.875,27.59,23.36
42988.08,1057.242,27.557,23.48
42988.13,1056.658,27.517,23.56
42988.17,1055.725,27.463,23.736
42988.21,1055.55,27.407,24.02
42988.25,1055.083,27.347,24.184
42988.29,1056.658,27.287,24.24
42988.33,1055.083,27.223,24.184
42988.38,1054.442,27.167,24.152
42988.42,1054.267,27.1,24.08
42988.46,1065.058,26.993,22.764
42988.50,1068.325,26.88,21.644
42988.54,1067.742,26.63,19.768
42988.58,1066.75,26.427,17.928
42988.63,1066.75,26.32,17.732
42988.67,1066.633,26.29,17.716
42988.71,1066.167,26.32,17.684
42988.75,1066.167,26.313,17.664
42988.79,1065.058,26.293,17.652
42988.83,1063.308,26.283,17.668
42988.88,1062.375,26.247,17.692
42988.92,1062.2,26.217,17.688
42988.96,1059.983,26.167,17.7
42989.00,1058.058,26.087,17.704
42989.04,1054.617,25.987,17.708
42989.08,1051.467,25.843,17.708
42989.13,1047.5,25.74,17.72
42989.17,1044.642,25.643,17.716
42989.21,1041.958,25.553,17.732
42989.25,1040.558,25.453,17.732
42989.29,1039.917,25.377,17.748
42989.33,1040.733,25.3,17.764
42989.38,1042.6,25.233,17.76
42989.42,1045.633,25.21,17.752
42989.46,1048.317,25.213,17.78
42989.50,1051.117,25.197,17.796
42989.54,1053.858,25.173,17.8
42989.58,1054.908,25.17,17.8
42989.63,1061.908,25.153,17.84
42989.67,1074.217,25.05,17.948
42989.71,1072.642,24.827,17.896
42989.75,1076.725,24.787,17.892
42989.79,1083.375,25.253,18.948
42989.83,1084.658,25.32,19.728
42989.88,1087.167,25.31,20.016
42989.92,1087.167,25.277,20.088
42989.96,1082.733,25.223,19.896
42990.00,1086.875,25.257,20.332
42990.04,1084.658,25.203,20.4
42990.08,1098.542,25.173,20.532
42990.13,1104.492,25.143,20.632
42990.17,1114.7,25.197,22.3
42990.21,1108.05,25.107,22.32
42990.25,1106.942,25.067,22.408
42990.29,1097.258,24.977,21.772
42990.33,1087.342,24.923,21.044
42990.38,1076.725,24.873,20.332
42990.42,1070.133,24.87,20.232
42990.46,1070.25,24.86,20.484
42990.50,1070.6,24.817,20.392
42990.54,1069.958,24.79,20.092
42990.58,1069.142,24.81,19.756
42990.63,1068.383,24.873,19.46
42990.67,1066.925,24.983,19.216
42990.71,1065.642,25.127,19.128
42990.75,1065.058,25.283,19.12
42990.79,1064.592,25.43,19.224
42990.83,1064.417,25.56,19.424
42990.88,1064.708,25.677,19.628
42990.92,1064.883,25.77,19.832
42990.96,1064.708,25.837,20.016
42991.00,1064.533,25.883,20.168
42991.04,1064.242,25.91,20.32
42991.08,1064.067,25.92,20.52
42991.13,1064.417,25.913,20.812
42991.17,1077.367,25.893,22.212
42991.21,1090.317,25.87,23.18
42991.25,1099.183,25.837,23.716
42991.29,1103.85,25.797,23.92
42991.33,1100.642,25.753,23.62
42991.38,1093,25.71,23.068
42991.42,1083.375,25.68,22.332
42991.46,1074.683,25.677,21.816
42991.50,1074.042,25.683,22.14
42991.54,1073.283,25.687,21.864
42991.58,1072.292,25.703,21.456
42991.63,1070.717,25.75,21.084
42991.67,1069.025,25.827,20.76
42991.71,1068.208,25.92,20.604
42991.75,1067.392,26.013,20.62
42991.79,1066.808,26.11,20.768
42991.83,1066.925,26.19,21.192
42991.88,1078.65,26.237,22.656
42991.92,1079.233,26.323,22.756
42991.96,1079.233,26.38,22.804
42992.00,1073.75,26.417,22.652
42992.04,1073.4,26.437,22.752
42992.08,1072.758,26.46,22.54
42992.13,1072.467,26.47,22.112
42992.17,1071.825,26.47,21.724
42992.21,1072,26.463,21.532
42992.25,1080.692,26.44,22.56
42992.29,1091.425,26.427,23.472
42992.33,1099.358,26.413,23.964
42992.38,1100.933,26.403,23.9
42992.42,1094.75,26.387,23.304
42992.46,1085.767,26.37,22.504
42992.50,1076.725,26.363,21.824
42992.54,1074.858,26.363,22.184
42992.58,1073.867,26.37,21.932
42992.63,1072.933,26.4,21.42
42992.67,1071.358,26.463,20.832
42992.71,1070.542,26.557,20.236
42992.75,1069.142,26.657,19.876
42992.79,1069.142,26.753,19.768
42992.83,1069.317,26.84,19.844
42992.88,1069.608,26.917,20.192
42992.92,1084.483,26.923,22.304
42992.96,1088.275,27.013,22.688
42993.00,1088.1,27.077,22.732
42993.04,1081.625,27.127,22.188
42993.08,1075.15,27.143,21.904
42993.13,1074.508,27.14,22.14
42993.17,1074.217,27.16,22.004
42993.21,1073.867,27.17,21.708
42993.25,1073.867,27.173,21.448
42993.29,1074.975,27.15,21.596
42993.33,1085.592,27.133,21.708
42993.38,1096.967,27.1,22.016
42993.42,1103.558,27.047,23.772
42993.46,1105.133,27.037,24
42993.50,1097.783,27.017,23.364
42993.54,1085.242,26.99,22.264
42993.58,1075.967,26.97,21.836
42993.63,1074.858,26.96,21.976
42993.67,1073.867,26.977,21.496
42993.71,1073.108,27.013,20.812
42993.75,1072.758,27.06,20.188
42993.79,1072,27.123,19.62
42993.83,1072.175,27.187,19.168
42993.88,1072.292,27.24,18.936
42993.92,1072.467,27.28,18.944
42993.96,1078.65,27.28,20.092
42994.00,1088.275,27.3,21.484
42994.04,1087.167,27.34,21.488
42994.08,1079.408,27.367,20.784
42994.13,1075.617,27.337,20.852
42994.17,1074.975,27.33,20.736
42994.21,1074.975,27.317,20.32
42994.25,1074.975,27.3,19.824
42994.29,1075.15,27.27,19.456
42994.33,1075.617,27.237,19.252
42994.38,1078.592,27.197,19.752
42994.42,1095.042,27.153,21.66
42994.46,1110.5,27.117,22.976
42994.50,1111.667,27.08,22.896
42994.54,1100.758,27.043,21.876
42994.58,1085.767,27.01,20.436
42994.63,1076.55,26.993,19.984
42994.67,1075.792,26.98,20.184
42994.71,1074.975,26.977,19.888
42994.75,1074.8,26.98,19.392
42994.79,1074.683,26.99,18.924
42994.83,1074.508,27.01,18.552
42994.88,1074.508,27.027,18.244
42994.92,1074.333,27.04,18.044
42994.96,1073.867,27.047,17.968
42995.00,1081.158,27.033,18.852
42995.04,1089.033,27.033,19.872
42995.08,1083.083,27.023,19.472
42995.13,1076.083,27.003,19.148
42995.17,1075.325,26.977,19.228
42995.21,1074.975,26.95,18.972
42995.25,1075.15,26.92,18.628
42995.29,1075.325,26.883,18.328
42995.33,1075.15,26.84,18.088
42995.38,1075.325,26.79,17.92
42995.42,1075.617,26.74,17.892
42995.46,1093.992,26.74,19.62
42995.50,1109.683,26.697,21.064
42995.54,1108.575,26.643,20.964
42995.58,1095.392,26.607,19.948
42995.63,1080.983,26.6,19.056
42995.67,1074.683,26.623,19.068
42995.71,1074.042,26.64,19.048
42995.75,1073.575,26.673,18.72
42995.79,1073.283,26.713,18.36
42995.83,1073.108,26.763,18.1
42995.88,1072.933,26.803,17.9
42995.92,1072.933,26.84,17.728
42995.96,1072.933,26.86,17.664
42996.00,1076.725,26.853,17.968
42996.04,1094.108,26.847,19.348
42996.08,1093.992,26.843,19.412
42996.13,1082.733,26.827,18.824
42996.17,1074.858,26.797,18.648
42996.21,1074.217,26.773,18.724
42996.25,1074.042,26.747,18.564
42996.29,1074.217,26.72,18.352
42996.33,1074.333,26.68,18.112
42996.38,1074.508,26.587,17.864
42996.42,1074.683,26.467,17.64
42996.46,1077.192,26.517,17.928
42996.50,1099.358,26.543,19.456
42996.54,1112.6,26.513,20.324
42996.58,1106.942,26.473,20.004
42996.63,1091.892,26.473,19.14
42996.67,1077.367,26.507,18.5
42996.71,1073.283,26.54,18.628
42996.75,1072.758,26.577,18.588
42996.79,1072.933,26.623,18.368
42996.83,1072.758,26.67,18.176
42996.88,1072.758,26.713,18
42996.92,1072.758,26.75,17.824
42996.96,1073.108,26.767,17.692
42997.00,1072.933,26.77,17.656
42997.04,1089.85,26.743,18.676
42997.08,1101.458,26.737,19.476
42997.13,1091.425,26.72,18.996
42997.17,1078.65,26.683,18.456
42997.21,1074.042,26.657,18.444
42997.25,1074.217,26.633,18.424
42997.29,1074.508,26.597,18.288
42997.33,1074.683,26.53,18.084
42997.38,1074.683,26.373,17.856
42997.42,1074.683,26.243,17.48
42997.46,1074.508,26.257,17.284
42997.50,1086.233,26.413,18.252
42997.54,1109.858,26.43,19.6
42997.58,1114.583,26.41,19.856
42997.63,1105.483,26.42,19.472
42997.67,1090.492,26.47,18.876
42997.71,1076.725,26.53,18.416
42997.75,1073.108,26.567,18.556
42997.79,1073.283,26.62,18.548
42997.83,1073.283,26.687,18.38
42997.88,1073.283,26.743,18.212
42997.92,1073.283,26.797,18.076
42997.96,1073.4,26.833,17.96
42998.00,1073.4,26.85,17.896
42998.04,1081.975,26.827,18.22
42998.08,1103.675,26.813,19.372
42998.13,1101.283,26.83,19.292
42998.17,1089.558,26.82,18.796
42998.21,1077.367,26.797,18.404
42998.25,1075.15,26.773,18.504
42998.29,1075.442,26.753,18.468
42998.33,1075.617,26.733,18.332
42998.38,1075.792,26.71,18.18
42998.42,1075.442,26.673,18.048
42998.46,1074.975,26.643,17.936
42998.50,1074.508,26.63,17.876
42998.54,1089.85,26.637,18.492
42998.58,1107.292,26.65,19.368
42998.63,1107.933,26.697,19.448
42998.67,1096.5,26.797,19.016
42998.71,1082.092,26.913,18.576
42998.75,1074.217,26.963,18.484
42998.79,1073.867,27.03,18.532
42998.83,1073.867,27.12,18.436
42998.88,1074.042,27.21,18.312
42998.92,1074.508,27.28,18.244
42998.96,1074.217,27.33,18.176
42999.00,1074.217,27.357,18.104
42999.04,1073.867,27.35,18.112
42999.08,1095.392,27.267,18.864
42999.13,1106.125,27.28,19.376
42999.17,1097.433,27.317,19.088
42999.21,1083.667,27.303,18.672
42999.25,1075.325,27.26,18.54
42999.29,1075.325,27.227,18.584
42999.33,1075.617,27.203,18.508
42999.38,1075.442,27.167,18.396
42999.42,1075.442,27.113,18.276
42999.46,1074.975,27.087,18.192
42999.50,1074.042,27.07,18.104
42999.54,1077.367,27.06,18.168
42999.58,1102.392,27.05,19.112
42999.63,1112.95,27.087,19.528
42999.67,1105.833,27.17,19.3
42999.71,1093.817,27.273,18.928
42999.75,1078.942,27.363,18.58
42999.79,1073.692,27.377,18.592
42999.83,1073.575,27.44,18.6
42999.88,1073.575,27.513,18.508
42999.92,1073.4,27.58,18.416
42999.96,1073.575,27.62,18.34
43000.00,1073.4,27.64,18.284
43000.04,1073.108,27.627,18.236
43000.08,1081.625,27.55,18.44
43000.13,1097.142,27.517,19.06
43000.17,1096.325,27.5,19.068
43000.21,1085.125,27.33,18.748
43000.25,1074.858,27.083,18.524
43000.29,1074.508,27.01,18.556
43000.33,1074.333,26.733,18.348
43000.38,1074.683,26.557,18.084
43000.42,1074.217,26.71,18.052
43000.46,1073.867,26.897,18.048
43000.50,1072.467,26.99,18.044
43000.54,1071.358,27.043,18.044
43000.58,1070.542,27.067,18.052
43000.63,1090.142,27.14,18.424
43000.67,1093.992,27.17,18.612
43000.71,1086.992,27.263,18.504
43000.75,1075.325,27.377,18.428
43000.79,1071.65,27.423,18.424
43000.83,1071.65,27.503,18.432
43000.88,1072,27.59,18.412
43000.92,1072.292,27.657,18.4
43000.96,1072,27.7,18.38
43001.00,1071.358,27.717,18.364
43001.04,1070.892,27.703,18.336
43001.08,1071.183,27.623,18.328
43001.13,1085.125,27.47,18.488
43001.17,1093.175,27.307,18.632
43001.21,1087.633,27.133,18.516
43001.25,1076.258,26.963,18.296
43001.29,1072.933,27.003,18.292
43001.33,1073.108,26.937,18.312
43001.38,1072.933,26.897,18.276
43001.42,1072.642,26.967,18.268
43001.46,1072,27.07,18.28
43001.50,1071.183,27.133,18.288
43001.54,1069.608,27.163,18.28
43001.58,1067.858,27.183,18.288
43001.63,1068.5,27.207,18.276
43001.67,1085.592,27.28,18.488
43001.71,1087.458,27.317,18.524
43001.75,1079.408,27.41,18.496
43001.79,1072,27.48,18.484
43001.83,1071.475,27.537,18.492
43001.88,1072.292,27.603,18.5
43001.92,1071.825,27.663,18.5
43001.96,1071.65,27.69,18.464
43002.00,1071.183,27.663,18.46
43002.04,1070.25,27.537,18.444
43002.08,1070.425,27.37,18.352
43002.13,1075.617,27.27,18.376
43002.17,1094.108,27.103,18.616
43002.21,1100.292,27.063,18.692
43002.25,1087.458,26.797,18.416
43002.29,1075.442,26.813,18.396
43002.33,1073.108,26.89,18.364
43002.38,1072.933,26.897,18.36
43002.42,1072.642,26.95,18.364
43002.46,1071.825,27.04,18.38
43002.50,1071.358,27.1,18.372
43002.54,1070.892,27.127,18.38
43002.58,1069.142,27.14,18.388
43002.63,1067.392,27.16,18.376
43002.67,1076.9,27.2,18.38
43002.71,1087.983,27.24,18.544
43002.75,1086.817,27.29,18.552
43002.79,1083.083,27.35,18.544
43002.83,1072.758,27.43,18.52
43002.88,1071.65,27.46,18.532
43002.92,1072,27.52,18.52
43002.96,1071.65,27.577,18.52
43003.00,1071.358,27.62,18.5
43003.04,1070.542,27.627,18.492
43003.08,1070.25,27.537,18.488
43003.13,1070.542,27.383,18.468
43003.17,1088.742,27.237,18.58
43003.21,1097.9,27.097,18.64
43003.25,1093,26.993,18.432
43003.29,1081.975,26.903,18.42
43003.33,1073.283,26.95,18.4
43003.38,1072.758,26.98,18.392
43003.42,1072.642,27.043,18.38
43003.46,1072.117,27.127,18.396
43003.50,1071.65,27.177,18.396
43003.54,1070.542,27.197,18.404
43003.58,1068.967,27.217,18.392
43003.63,1067.392,27.257,18.388
43003.67,1070.25,27.303,18.408
43003.71,1083.025,27.447,18.572
43003.75,1087.167,27.55,18.664
43003.79,1083.55,27.657,18.664
43003.83,1077.658,27.763,18.648
43003.88,1071.533,27.837,18.632
43003.92,1071.65,27.9,18.644
43003.96,1071.533,27.983,18.656
43004.00,1070.892,28.053,18.636
43004.04,1070.542,28.093,18.616
43004.08,1070.25,28.103,18.62
43004.13,1071.65,28.07,18.624
43004.17,1087.342,27.97,18.716
43004.21,1099.358,27.953,18.832
43004.25,1100,27.913,18.84
43004.29,1089.033,27.797,18.724
43004.33,1078.767,27.64,18.548
43004.38,1073.4,27.657,18.548
43004.42,1073.225,27.707,18.544
43004.46,1072.758,27.757,18.544
43004.50,1071.825,27.757,18.54
43004.54,1070.892,27.75,18.54
43004.58,1069.433,27.753,18.54
43004.63,1067.858,27.78,18.532
43004.67,1066.633,27.837,18.532
43004.71,1067.683,27.883,18.532
43004.75,1080.867,28.02,18.74
43004.79,1080.05,28.107,18.788
43004.83,1076.433,28.183,18.788
43004.88,1072.758,28.243,18.784
43004.92,1072,28.277,18.788
43004.96,1071.65,28.333,18.792
43005.00,1071.358,28.373,18.776
43005.04,1071.008,28.387,18.772
43005.08,1070.367,28.37,18.756
43005.13,1070.25,28.3,18.74
43005.17,1074.217,28.187,18.768
43005.21,1085.242,27.843,18.748
43005.25,1089.85,27.73,18.756
43005.29,1087.633,27.713,18.768
43005.33,1080.808,27.667,18.74
43005.38,1073.575,27.68,18.72
43005.42,1072.467,27.803,18.732
43005.46,1072.175,27.873,18.744
43005.50,1071.533,27.893,18.732
43005.54,1070.542,27.893,18.732
43005.58,1069.317,27.91,18.736
43005.63,1067.683,27.953,18.736
43005.67,1066.283,28.017,18.744
43005.71,1064.883,28.1,18.74
43005.75,1064.533,28.183,18.752
43005.79,1065.467,28.233,18.748
43005.83,1070.717,28.293,18.764
43005.88,1070.717,28.48,18.796
43005.92,1070.25,28.5,18.816
43005.96,1069.608,28.493,18.812
43006.00,1068.967,28.45,18.828
43006.04,1068.675,28.33,18.848
43006.08,1068.033,28.203,18.848
43006.13,1067.567,28.093,18.844
43006.17,1067.567,27.987,18.844
43006.21,1076.258,27.827,18.916
43006.25,1088.45,27.53,18.948
43006.29,1088.1,27.44,18.968
43006.33,1083.083,27.387,18.972
43006.38,1076.55,27.35,18.98
43006.42,1073.225,27.527,18.98
43006.46,1072.933,27.64,18.992
43006.50,1072,27.693,18.992
43006.54,1070.892,27.713,18.996
43006.58,1069.317,27.737,18.988
43006.63,1068.033,27.783,18.984
43006.67,1066.75,27.86,19
43006.71,1065.467,27.953,18.996
43006.75,1064.358,28.05,18.996
43006.79,1064.358,28.143,18.992
43006.83,1064.708,28.217,18.996
43006.88,1066.925,28.247,18.992
43006.92,1069.783,28.273,19.008
43006.96,1072,28.41,19.036
43007.00,1071.008,28.383,19.056
43007.04,1070.542,28.273,19.088
43007.08,1070.25,28.137,19.108
43007.13,1069.317,28.033,19.116
43007.17,1068.967,27.947,19.108
43007.21,1068.675,27.86,19.12
43007.25,1074.042,27.757,19.148
43007.29,1074.975,27.573,19.144
43007.33,1080.342,27.303,19.188
43007.38,1085.883,27.257,19.176
43007.42,1082.442,27.367,19.188
43007.46,1075.15,27.45,19.212
43007.50,1073.4,27.53,19.208
43007.54,1072.642,27.587,19.212
43007.58,1071.533,27.603,19.22
43007.63,1071.358,27.637,19.216
43007.67,1069.608,27.67,19.232
43007.71,1069.317,27.74,19.228
43007.75,1068.5,27.827,19.244
43007.79,1068.208,27.903,19.252
43007.83,1068.675,27.967,19.272
43007.88,1069.317,28.02,19.276
43007.92,1077.367,28.073,19.28
43007.96,1090.025,28.093,19.332
43008.00,1083.667,28.143,19.336
43008.04,1076.258,28.15,19.34
43008.08,1073.108,28.12,19.348
43008.13,1072.758,28.12,19.344
43008.17,1072.117,28.12,19.344
43008.21,1072,28.037,19.336
43008.25,1072.117,27.887,19.292
43008.29,1072.758,27.777,19.284
43008.33,1078.942,27.64,19.312
43008.38,1083.55,27.527,19.272
43008.42,1090.142,27.54,19.284
43008.46,1089.383,27.63,19.284
43008.50,1083.667,27.683,19.288
43008.54,1074.683,27.713,19.296
43008.58,1073.108,27.72,19.296
43008.63,1073.108,27.727,19.28
43008.67,1072.758,27.733,19.28
43008.71,1072.758,27.753,19.288
43008.75,1072.175,27.767,19.296
43008.79,1071.825,27.703,19.288
43008.83,1071.65,27.623,19.276
43008.88,1071.65,27.543,19.288
43008.92,1071.825,27.453,19.292
43008.96,1071.358,27.387,19.284
43009.00,1071.358,27.327,19.284
43009.04,1070.425,27.263,19.28
43009.08,1069.783,27.203,19.28
43009.13,1069.142,27.137,19.292
43009.17,1068.325,27.087,19.296
43009.21,1067.742,27.03,19.296
43009.25,1068.033,27,19.288
43009.29,1068.675,26.95,19.28
43009.33,1070.892,26.853,19.276
43009.38,1072,26.81,19.272
43009.42,1072.758,26.763,19.268
43009.46,1084.017,26.823,19.28
43009.50,1091.25,26.877,19.28
43009.54,1084.483,26.907,19.276
43009.58,1075.792,26.947,19.276
43009.63,1074.508,26.96,19.284
43009.67,1073.75,26.987,19.292
43009.71,1073.867,26.98,19.292
43009.75,1073.4,26.98,19.288
43009.79,1073.283,26.993,19.276
43009.83,1073.108,26.94,19.26
43009.88,1073.283,26.857,19.26
43009.92,1073.4,26.8,19.256
43009.96,1073.75,26.747,19.252
43010.00,1073.75,26.69,19.248
43010.04,1073.4,26.647,19.256
43010.08,1073.575,26.59,19.256
43010.13,1073.575,26.537,19.26
43010.17,1072.467,26.493,19.26
43010.21,1072.292,26.443,19.264
43010.25,1072.292,26.407,19.276
43010.29,1072.467,26.343,19.272
43010.33,1072.758,26.297,19.28
43010.38,1074.042,26.243,19.288
43010.42,1075.442,26.253,19.296
43010.46,1086.35,26.297,19.308
43010.50,1093.175,26.26,19.352
43010.54,1093.817,26.3,19.352
43010.58,1087.633,26.343,19.352
43010.63,1078.942,26.337,19.34
43010.67,1077.833,26.37,19.336
43010.71,1077.542,26.41,19.348
43010.75,1077.192,26.44,19.34
43010.79,1077.192,26.46,19.344
43010.83,1077.542,26.357,19.308
43010.88,1077.833,26.263,19.288
43010.92,1077.658,26.207,19.296
43010.96,1077.717,26.167,19.304
43011.00,1077.833,26.1,19.3
43011.04,1077.833,26.103,19.308
43011.08,1079.408,26.023,19.32
43011.13,1078.942,25.963,19.324
43011.17,1078.3,25.913,19.332
43011.21,1077.542,25.867,19.344
43011.25,1076.9,25.793,19.344
43011.29,1077.192,25.727,19.368
43011.33,1077.075,25.7,19.368
43011.38,1077.192,25.673,19.38
43011.42,1076.725,25.64,19.376
43011.46,1076.258,25.683,19.372
43011.50,1075.617,25.8,19.388
43011.54,1083.2,25.77,19.432
43011.58,1082.092,25.84,19.46
43011.63,1080.225,25.913,19.484
43011.67,1079.117,25.987,19.516
43011.71,1077.658,26.053,19.532
43011.75,1076.725,26.11,19.564
43011.79,1075.967,26.163,19.58
43011.83,1075.792,26.207,19.592
43011.88,1075.792,26.24,19.608
43011.92,1075.442,26.197,19.608
43011.96,1075.325,26.187,19.596
43012.00,1074.975,26.137,19.596
43012.04,1074.683,26.08,19.596
43012.08,1074.392,26.04,19.608
43012.13,1073.4,25.99,19.612
43012.17,1072.292,25.937,19.616
43012.21,1071.65,25.887,19.624
43012.25,1071.358,25.84,19.612
43012.29,1071.183,25.787,19.616
43012.33,1070.892,25.73,19.648
43012.38,1070.717,25.713,19.644
43012.42,1069.958,25.687,19.644
43012.46,1068.383,25.677,19.668
43012.50,1066.458,25.673,19.676
43012.54,1073.4,25.697,19.648
43012.58,1084.775,25.69,19.984
43012.63,1083.375,25.74,20.016
43012.67,1078.3,25.807,20.036
43012.71,1077.833,25.857,20.04
43012.75,1077.367,25.923,20.052
43012.79,1077.367,25.977,20.06
43012.83,1076.725,26.03,20.068
43012.88,1076.608,26.073,20.068
43012.92,1076.258,26.013,20.072
43012.96,1075.792,25.96,20.08
43013.00,1074.975,25.907,20.072
43013.04,1074.975,25.863,20.084
43013.08,1086.525,25.487,20.292
43013.13,1082.733,25.403,20.312
43013.17,1077.367,25.42,20.308
43013.21,1076.433,25.44,20.32
43013.25,1075.792,25.407,20.336
43013.29,1075.617,25.373,20.332
43013.33,1075.15,25.35,20.364
43013.38,1074.683,25.343,20.392
43013.42,1074.217,25.333,20.416
43013.46,1073.575,25.327,20.436
43013.50,1072.292,25.427,20.444
43013.54,1070.542,25.563,20.46
43013.58,1078.183,25.64,20.564
43013.63,1079.758,25.647,20.704
43013.67,1073.575,25.697,20.736
43013.71,1072.933,25.753,20.744
43013.75,1073.925,25.807,20.752
43013.79,1073.4,25.857,20.756
43013.83,1073.575,25.93,20.768
43013.88,1073.575,25.977,20.772
43013.92,1073.75,26.013,20.776
43013.96,1073.75,26.027,20.788
43014.00,1073.867,25.887,20.788
43014.04,1073.575,25.86,20.788
43014.08,1092.533,25.813,20.776
43014.13,1095.858,25.797,20.832
43014.17,1094.925,25.79,20.848
43014.21,1082.092,25.767,20.848
43014.25,1073.575,25.703,20.848
43014.29,1073.4,25.643,20.844
43014.33,1073.75,25.607,20.848
43014.38,1073.925,25.603,20.86
43014.42,1073.925,25.587,20.888
43014.46,1074.508,25.64,20.912
43014.50,1079.583,25.737,20.904
43014.54,1109.508,25.833,21.296
43014.58,1138.85,25.887,21.624
43014.63,1147.775,25.867,21.78
43014.67,1139.492,25.867,21.808
43014.71,1120.708,25.87,21.796
43014.75,1100.642,25.89,21.772
43014.79,1083.842,25.913,21.64
43014.83,1073.4,25.93,21.396
43014.88,1072.642,25.943,21.568
43014.92,1072.467,25.96,21.568
43014.96,1072.642,25.98,21.496
43015.00,1076.258,25.993,21.632
43015.04,1105.483,26,21.696
43015.08,1127.825,25.977,21.74
43015.13,1129.633,25.993,21.86
43015.17,1121.35,25.997,21.836
43015.21,1108.75,25.993,21.852
43015.25,1090.783,25.993,21.836
43015.29,1076.083,25.993,21.852
43015.33,1072.467,25.997,21.828
43015.38,1073.283,25.997,21.832
43015.42,1073.283,25.997,21.82
43015.46,1073.108,25.993,21.788
43015.50,1072.758,25.99,21.696
43015.54,1090.317,25.997,21.824
43015.58,1121.875,26.107,22.028
43015.63,1144.042,26.17,22.412
43015.67,1155.533,26.133,22.568
43015.71,1145.033,26.123,22.572
43015.75,1126.542,26.147,22.588
43015.79,1111.667,26.207,22.568
43015.83,1097.783,26.24,22.576
43015.88,1084.483,26.27,22.552
43015.92,1078.475,26.28,22.552
43015.96,1086.992,26.293,22.56
43016.00,1103.208,26.32,22.552
43016.04,1124.908,26.353,22.572
43016.08,1141.125,26.457,23.024
43016.13,1153.958,26.44,23.28
43016.17,1147.775,26.427,23.312
43016.21,1140.017,26.43,23.332
43016.25,1122.517,26.437,23.34
43016.29,1105.833,26.46,23.332
43016.33,1088.275,26.477,23.296
43016.38,1075.792,26.47,23.24
43016.42,1072.642,26.45,23.28
43016.46,1072.642,26.453,23.288
43016.50,1072.467,26.457,23.28
43016.54,1073.283,26.457,23.264
43016.58,1100.642,26.46,23.28
43016.63,1111.492,26.473,23.248
43016.67,1122.517,26.49,23.2
43016.71,1132.55,26.537,23.172
43016.75,1120.242,26.567,23.176
43016.79,1108.225,26.593,23.16
43016.83,1092.708,26.617,23.168
43016.88,1082.267,26.67,23.076
43016.92,1073.867,26.68,22.996
43016.96,1073.108,26.673,23.076
43017.00,1082.267,26.683,23.088
43017.04,1105.133,26.707,23.1
43017.08,1115.517,26.703,23.108
43017.13,1131.733,26.743,23.092
43017.17,1138.558,26.76,23.256
43017.21,1136.108,26.74,23.292
43017.25,1118.958,26.727,23.32
43017.29,1101.75,26.73,23.304
43017.33,1085.242,26.717,23.316
43017.38,1076.725,26.717,23.312
43017.42,1075.325,26.703,23.308
43017.46,1075.325,26.7,23.3
43017.50,1075.15,26.7,23.292
43017.54,1074.975,26.713,23.28
43017.58,1074.217,26.733,23.236
43017.63,1074.683,26.777,23.188
43017.67,1089.383,26.793,23.244
43017.71,1102.567,26.88,23.24
43017.75,1103.208,27.01,23.224
43017.79,1094.575,27.16,23.204
43017.83,1084.308,27.28,23.184
43017.88,1076.083,27.347,23.164
43017.92,1075.967,27.39,23.172
43017.96,1075.442,27.477,23.152
43018.00,1075.442,27.55,23.152
43018.04,1074.975,27.6,23.124
43018.08,1083.667,27.553,23.16
43018.13,1103.033,27.55,23.152
43018.17,1117.617,27.623,23.344
43018.21,1122.167,27.61,23.496
43018.25,1115.867,27.623,23.492
43018.29,1102.392,27.637,23.496
43018.33,1087.633,27.63,23.48
43018.38,1078.3,27.593,23.468
43018.42,1077.833,27.553,23.472
43018.46,1077.658,27.547,23.456
43018.50,1077.367,27.543,23.428
43018.54,1076.725,27.54,23.388
43018.58,1075.617,27.55,23.304
43018.63,1074.333,27.577,23.108
43018.67,1073.4,27.61,23.02
43018.71,1086.058,27.603,23.34
43018.75,1097.608,27.683,23.348
43018.79,1097.258,27.793,23.324
43018.83,1090.958,27.893,23.284
43018.88,1081.8,27.973,23.26
43018.92,1077.192,27.977,23.256
43018.96,1077.192,28.027,23.256
43019.00,1076.9,28.08,23.236
43019.04,1076.083,28.123,23.216
43019.08,1075.792,28.147,23.176
43019.13,1075.792,28.127,23.188
43019.17,1089.558,28.06,23.084
43019.21,1103.208,28.09,23.14
43019.25,1110.033,28.053,23.268
43019.29,1099.825,28.057,23.256
43019.33,1089.208,28.02,23.244
43019.38,1078.3,27.983,23.24
43019.42,1077.192,27.927,23.244
43019.46,1077.017,27.897,23.228
43019.50,1076.433,27.873,23.236
43019.54,1075.442,27.857,23.22
43019.58,1074.042,27.85,23.192
43019.63,1072.933,27.873,23.176
43019.67,1071.825,27.917,23.14
43019.71,1071.183,27.97,23.088
43019.75,1074.217,28.007,23.128
43019.79,1083.842,28.07,23.168
43019.83,1083.55,28.16,23.148
43019.88,1079.233,28.23,23.112
43019.92,1076.258,28.233,23.112
43019.96,1075.908,28.253,23.104
43020.00,1075.325,28.277,23.072
43020.04,1074.8,28.283,23.016
43020.08,1074.333,28.27,22.956
43020.13,1073.75,28.237,22.948
43020.17,1073.692,28.187,22.932
43020.21,1083.375,28.007,22.976
43020.25,1094.283,27.793,23.168
43020.29,1097.783,27.553,23.108
43020.33,1094.458,27.5,23.076
43020.38,1086.7,27.483,23.048
43020.42,1077.017,27.56,23.048
43020.46,1076.083,27.623,23.02
43020.50,1075.908,27.65,23.028
